company_name,industry,employee_count,location,contact_person,job_title,email
Divanoodle,technology,7171,Russia,Fergus Dows,Assistant Media Planner,fdows0@latimes.com
Gabtype,Specialty Chemicals,804,Poland,Nonna Millthorpe,General Manager,nmillthorpe1@webmd.com
Shuffledrive,Biotechnology: Biological Products (No Diagnostic Substances),7770,Peru,Joelly Dickerline,Administrative Officer,jdickerline2@vinaora.com
Innojam,Oil Refining/Marketing,2357,Colombia,Gene Szymanski,Administrative Assistant IV,gszymanski3@answers.com
Gabcube,Major Banks,4407,China,Mic Borland,GIS Technical Architect,mborland4@ning.com
Devcast,Food Chains,1358,China,Ruy Potzold,Automation Specialist III,rpotzold5@imageshack.us
Feednation,Telecommunications Equipment,7658,Palestinian Territory,Gerrard Lawther,Research Assistant II,glawther6@pcworld.com
Teklist,Retail: Computer Software & Peripheral Equipment,655,China,Kathe Sinnock,Staff Accountant IV,ksinnock7@google.es
Oyoba,Major Banks,4531,United States,Domenico Valentino,VP Marketing,dvalentino8@bandcamp.com
Lazzy,technology,3247,Sweden,Eunice Hayesman,Budget/Accounting Analyst I,ehayesman9@mozilla.org
Skimia,Electronic Components,2991,Indonesia,Lorant Godier,Cost Accountant,lgodiera@shinystat.com
Dazzlesphere,Metal Fabrications,6838,Indonesia,Richmound Bastable,Cost Accountant,rbastableb@liveinternet.ru
Feedspan,technology,4550,Indonesia,Niall Dearth,Statistician I,ndearthc@usa.gov
Voolia,technology,6624,Indonesia,Bartholemy Arnefield,Administrative Officer,barnefieldd@ucla.edu
Thoughtmix,Finance/Investors Services,3037,Greece,Son Seedman,Product Engineer,sseedmane@delicious.com
Edgeclub,Property-Casualty Insurers,2633,China,Oneida Connew,Design Engineer,oconnewf@altervista.org
Dabtype,technology,70,Philippines,Terese Franey,Senior Cost Accountant,tfraneyg@google.ru
Jabbertype,technology,2277,Spain,Audrey Tyas,Data Coordinator,atyash@typepad.com
Centimia,Industrial Machinery/Components,2157,Morocco,Erastus Splaven,Editor,esplaveni@friendfeed.com
Yozio,Marine Transportation,7445,China,Heloise Ladbury,Senior Developer,hladburyj@artisteer.com
Livepath,Oil & Gas Production,8394,Yemen,Dianne Wooffitt,Engineer II,dwooffittk@vimeo.com
Gabcube,Metal Fabrications,2969,Indonesia,Mercedes O'Sharry,Marketing Manager,mosharryl@unc.edu
Shuffledrive,Savings Institutions,595,China,Shanna Becken,Senior Cost Accountant,sbeckenm@ihg.com
Meejo,Industrial Specialties,1784,Peru,Mimi Caulcott,Speech Pathologist,mcaulcottn@so-net.ne.jp
Centimia,Medical Electronics,3645,Russia,Sasha Le Brum,Sales Associate,sleo@hp.com
Mydeo,Plastic Products,9512,Czech Republic,Yardley Carek,Chief Design Engineer,ycarekp@smh.com.au
Katz,technology,2751,Dominican Republic,Arther Sperry,Chemical Engineer,asperryq@mozilla.com
Devshare,Major Banks,6459,China,Donal Glyde,Food Chemist,dglyder@nba.com
Mita,Major Pharmaceuticals,6977,China,Jelene Kettlestringes,Electrical Engineer,jkettlestringess@deviantart.com
Skippad,technology,2703,Philippines,Kalvin Deware,Database Administrator III,kdewaret@google.ca
Eazzy,Oil & Gas Production,477,China,Germain Hanrott,Food Chemist,ghanrottu@marketwatch.com
Meemm,Industrial Machinery/Components,5990,Indonesia,Merv Melvin,Chemical Engineer,mmelvinv@squarespace.com
Voonte,Business Services,1124,Greece,Claudia Calder,Tax Accountant,ccalderw@homestead.com
Innojam,Real Estate Investment Trusts,6890,Armenia,Gui Kasbye,Financial Analyst,gkasbyex@meetup.com
Vimbo,Investment Managers,4175,Thailand,Rosemary Cuttelar,Staff Accountant I,rcuttelary@theglobeandmail.com
Flashdog,Major Pharmaceuticals,9812,Bolivia,Andee Hounson,Assistant Media Planner,ahounsonz@slideshare.net
Tagcat,Real Estate,3716,Poland,Mina Goldsack,Recruiter,mgoldsack10@wikimedia.org
Avamm,Real Estate Investment Trusts,2019,China,Tiffi Damarell,Statistician III,tdamarell11@tinyurl.com
Myworks,Mining & Quarrying of Nonmetallic Minerals (No Fuels),6366,Peru,Maurise Bonar,Environmental Specialist,mbonar12@cargocollective.com
Skyndu,Water Supply,9588,Switzerland,Aloysia Jakubovits,Civil Engineer,ajakubovits13@youtu.be
Mydo,Biotechnology: Electromedical & Electrotherapeutic Apparatus,3092,Brazil,De Rickesies,Senior Quality Engineer,drickesies14@nyu.edu
Demimbu,technology,9839,Sweden,Gabbey Godmer,Assistant Media Planner,ggodmer15@hud.gov
Zazio,Professional Services,9401,China,Darcee Saipy,Account Representative IV,dsaipy16@xinhuanet.com
Twitterlist,Major Banks,5198,Philippines,Park Demicoli,Graphic Designer,pdemicoli17@prweb.com
Wikizz,Trucking Freight/Courier Services,4863,United States,Jenica Merrington,Chief Design Engineer,jmerrington18@china.com.cn
Snaptags,Major Banks,557,China,Mitchel Freshwater,Engineer IV,mfreshwater19@list-manage.com
Chatterbridge,Containers/Packaging,9799,China,Rodina Stoven,Legal Assistant,rstoven1a@stumbleupon.com
Yoveo,technology,7127,United States,Ferdinanda Oleszcuk,Staff Scientist,foleszcuk1b@bravesites.com
Katz,technology,8294,China,Quincey Jozsa,Research Associate,qjozsa1c@hhs.gov
Thoughtbeat,Business Services,9471,Indonesia,Reinaldos Keneleyside,Senior Sales Associate,rkeneleyside1d@cdc.gov
Dynazzy,technology,7720,Thailand,Cynthy Luckcock,Database Administrator II,cluckcock1e@reuters.com
Riffpath,Savings Institutions,5695,Russia,Casey Dickerline,Senior Sales Associate,cdickerline1f@ifeng.com
Blogtags,Hotels/Resorts,7616,China,Darby Spalls,Associate Professor,dspalls1g@123-reg.co.uk
Babbleopia,Savings Institutions,319,Indonesia,Jillene Sirl,Senior Cost Accountant,jsirl1h@bloomberg.com
Skaboo,Beverages (Production/Distribution),3527,Indonesia,Piper Capozzi,Staff Scientist,pcapozzi1i@msu.edu
Geba,Medical/Dental Instruments,3091,Vietnam,Matt Catley,VP Product Management,mcatley1j@typepad.com
Dynava,Catalog/Specialty Distribution,8292,Norway,Lexi Clash,Help Desk Technician,lclash1k@merriam-webster.com
Cogidoo,technology,1023,Indonesia,Emmett Landor,Operator,elandor1l@stumbleupon.com
Quinu,Natural Gas Distribution,4268,Thailand,Fanni Scarr,Product Engineer,fscarr1m@sohu.com
Quire,technology,6637,China,Cheslie Yarnall,Developer I,cyarnall1n@fotki.com
Ntag,EDP Services,5926,Indonesia,Vic MacKinnon,Senior Financial Analyst,vmackinnon1o@dropbox.com
Twitterbridge,Major Chemicals,7020,Poland,Aldo Roelvink,Financial Analyst,aroelvink1p@rediff.com
Rhybox,Miscellaneous manufacturing industries,5321,Zimbabwe,Emanuele Laurence,Programmer I,elaurence1q@plala.or.jp
Jabberbean,Trucking Freight/Courier Services,6717,Indonesia,Howard Vasyutkin,Junior Executive,hvasyutkin1r@ycombinator.com
Gabspot,Integrated oil Companies,314,Belarus,Charleen Tolle,Sales Associate,ctolle1s@bbc.co.uk
Npath,Major Banks,6228,Thailand,Davie Vearncombe,Information Systems Manager,dvearncombe1t@feedburner.com
Rhyzio,Telecommunications Equipment,1638,France,Elysee Dissman,Computer Systems Analyst I,edissman1u@nps.gov
Kwilith,technology,3039,China,Freddie Carvil,Desktop Support Technician,fcarvil1v@tripadvisor.com
Jabberstorm,Major Banks,1446,Indonesia,Augustin Allott,Help Desk Operator,aallott1w@si.edu
Innojam,Accident &Health Insurance,4101,Poland,Arabele Hansell,Internal Auditor,ahansell1x@census.gov
Trudeo,Accident &Health Insurance,7055,Netherlands,Frayda Roland,Programmer I,froland1y@drupal.org
Aimbu,technology,1633,China,Cass Andrin,Design Engineer,candrin1z@hibu.com
Photobean,Oil & Gas Production,5309,China,Gunter Blacksell,Senior Developer,gblacksell20@bloglovin.com
Teklist,Steel/Iron Ore,2750,Vietnam,Neville Barrowcliff,Recruiting Manager,nbarrowcliff21@uiuc.edu
Zoomdog,Mining & Quarrying of Nonmetallic Minerals (No Fuels),7910,Indonesia,Fredrika Marmyon,Senior Developer,fmarmyon22@sciencedirect.com
Flipopia,Real Estate Investment Trusts,5536,Philippines,Bruno Sisnett,Nurse Practicioner,bsisnett23@columbia.edu
Zoomlounge,Oil Refining/Marketing,1272,Poland,Meyer Martindale,Web Developer I,mmartindale24@engadget.com
Skyvu,Radio And Television Broadcasting And Communications Equipment,1850,Indonesia,Ave Grimsdyke,Safety Technician IV,agrimsdyke25@barnesandnoble.com
Ailane,Beverages (Production/Distribution),2227,France,Gasparo Mebes,Structural Analysis Engineer,gmebes26@desdev.cn
Devpoint,technology,2016,Ukraine,Winfred Davion,Senior Developer,wdavion27@zimbio.com
Gabtune,Property-Casualty Insurers,6474,Indonesia,Frederich Evill,Dental Hygienist,fevill28@livejournal.com
Topiczoom,technology,1882,Canada,Rozele Eam,Chief Design Engineer,ream29@joomla.org
Riffpath,Investment Bankers/Brokers/Service,3747,Indonesia,Beverlee Asbery,Registered Nurse,basbery2a@washington.edu
Shufflester,Air Freight/Delivery Services,8047,Ivory Coast,Liva Reid,Software Consultant,lreid2b@foxnews.com
Gabcube,technology,5414,Russia,Pip Caulier,Actuary,pcaulier2c@naver.com
Wikido,Real Estate,8559,Peru,Evangelia Goscar,Data Coordinator,egoscar2d@ucoz.com
Skaboo,technology,8018,Democratic Republic of the Congo,Franni Trevenu,VP Product Management,ftrevenu2e@berkeley.edu
Skimia,Catalog/Specialty Distribution,3774,Russia,Margaret Bartlomiejczyk,Administrative Officer,mbartlomiejczyk2f@chronoengine.com
Tagchat,technology,4113,China,Jennica Beldam,Developer II,jbeldam2g@samsung.com
Meetz,Homebuilding,319,Argentina,Farrand Merveille,Paralegal,fmerveille2h@fda.gov
Thoughtmix,Computer Software: Prepackaged Software,3154,Indonesia,Elnora Heatley,Senior Cost Accountant,eheatley2i@reddit.com
Muxo,Real Estate Investment Trusts,4670,Brazil,Valle Lavallin,Senior Sales Associate,vlavallin2j@cocolog-nifty.com
Jazzy,Oil & Gas Production,2366,China,Booth Theunissen,Executive Secretary,btheunissen2k@rakuten.co.jp
Rooxo,Integrated oil Companies,5147,Russia,Sylvan Riseborough,Statistician I,sriseborough2l@canalblog.com
Centidel,Hotels/Resorts,4978,Philippines,Robena Gellibrand,Computer Systems Analyst IV,rgellibrand2m@wisc.edu
Divanoodle,Major Banks,4552,Angola,Trescha Airth,Research Associate,tairth2n@shutterfly.com
Livepath,technology,4897,Portugal,Ezequiel Skeermer,Technical Writer,eskeermer2o@tmall.com
Photojam,Computer Software: Prepackaged Software,6253,United States,Jarrad Wilks,Engineer II,jwilks2p@latimes.com
Oodoo,technology,5216,China,Ian Furney,Assistant Professor,ifurney2q@blogspot.com
Meevee,Biotechnology: Biological Products (No Diagnostic Substances),1743,Portugal,Jillana Bleything,Payment Adjustment Coordinator,jbleything2r@qq.com
Meembee,Business Services,8852,Palestinian Territory,Moises Demanche,Business Systems Development Analyst,mdemanche2s@senate.gov
Blogspan,Biotechnology: In Vitro & In Vivo Diagnostic Substances,3807,China,Audrey Vigrass,Sales Associate,avigrass2t@de.vu
Edgewire,Major Banks,7920,France,Carolyn Fewell,Clinical Specialist,cfewell2u@hud.gov
Jaxworks,Farming/Seeds/Milling,2989,Poland,Jillayne Foxall,Assistant Manager,jfoxall2v@dion.ne.jp
Chatterbridge,Major Pharmaceuticals,4556,Syria,Millisent Carnell,Software Engineer II,mcarnell2w@amazon.co.jp
Roombo,technology,6049,China,Emmalyn Gregan,Analyst Programmer,egregan2x@utexas.edu
Bubblemix,technology,8204,Czech Republic,Caspar Whitmarsh,Senior Sales Associate,cwhitmarsh2y@sfgate.com
Twimm,Real Estate Investment Trusts,7965,Greece,Carlynn Ballin,Budget/Accounting Analyst IV,cballin2z@hatena.ne.jp
Youtags,Major Banks,6437,Russia,Estrella Jeffery,Nuclear Power Engineer,ejeffery30@imdb.com
Yata,technology,8614,Tunisia,Emmalynne Dohrmann,Database Administrator III,edohrmann31@xing.com
DabZ,Steel/Iron Ore,5164,China,Austin Maudett,Software Test Engineer IV,amaudett32@unblog.fr
Tagpad,technology,1950,Indonesia,Fianna Dasent,Electrical Engineer,fdasent33@illinois.edu
Skipstorm,Major Pharmaceuticals,529,Russia,Kirby Dalziel,Social Worker,kdalziel34@si.edu
Flashset,Electric Utilities: Central,8928,Thailand,Urbanus Trenbay,Project Manager,utrenbay35@mashable.com
Youopia,Containers/Packaging,8405,China,Hershel Rosbotham,Web Developer I,hrosbotham36@about.com
Vinder,Oil & Gas Production,1012,China,Nathanial Ranklin,Nuclear Power Engineer,nranklin37@va.gov
Plambee,Real Estate Investment Trusts,2953,Uruguay,Doe Dunthorne,Tax Accountant,ddunthorne38@businessinsider.com
Zoovu,technology,9809,Norway,Isahella Shemwell,Recruiting Manager,ishemwell39@ifeng.com
Roomm,Real Estate Investment Trusts,681,China,Jacynth Tison,Systems Administrator I,jtison3a@cpanel.net
Eire,technology,6536,France,Warren Beasleigh,Nuclear Power Engineer,wbeasleigh3b@xrea.com
Avavee,Computer Software: Prepackaged Software,9187,Sweden,Roselia Stotherfield,Account Representative I,rstotherfield3c@plala.or.jp
Trudeo,technology,789,Lebanon,Garth Brabon,Dental Hygienist,gbrabon3d@chron.com
Browsetype,technology,4317,Ukraine,Frasco Rambaut,Professor,frambaut3e@tumblr.com
Zava,technology,6942,Poland,Sanders O' Scallan,Internal Auditor,so3f@exblog.jp
Photolist,Major Chemicals,2796,Philippines,Glenna Coyett,Web Developer III,gcoyett3g@amazon.co.uk
Riffwire,technology,6566,China,Jude Semrad,Recruiting Manager,jsemrad3h@bandcamp.com
Latz,Oil Refining/Marketing,65,Sri Lanka,Rickey Hewlings,Actuary,rhewlings3i@drupal.org
Chatterpoint,Other Consumer Services,7625,Argentina,Ado Fitzhenry,Accountant IV,afitzhenry3j@dagondesign.com
Twinte,Major Pharmaceuticals,2916,Brazil,Shaughn Garland,Product Engineer,sgarland3k@rakuten.co.jp
Divape,Metal Fabrications,3937,Indonesia,Sapphire Mercey,Accounting Assistant II,smercey3l@accuweather.com
Edgewire,Paints/Coatings,5275,Armenia,Jayne Fairtlough,VP Sales,jfairtlough3m@goo.ne.jp
Voonix,Aerospace,9938,China,Karrie Belham,Recruiter,kbelham3n@amazon.de
Rhynoodle,technology,1739,Comoros,Nickolas Kulic,Software Test Engineer IV,nkulic3o@latimes.com
Divavu,Trucking Freight/Courier Services,2181,Afghanistan,Chiarra Eskrick,Recruiter,ceskrick3p@comcast.net
Riffwire,Oil & Gas Production,6432,Belarus,Hercules Sandaver,Cost Accountant,hsandaver3q@redcross.org
Jetwire,technology,61,Ireland,Lyman Brasseur,Executive Secretary,lbrasseur3r@nbcnews.com
Skalith,technology,4179,China,Joaquin Gutowska,Safety Technician I,jgutowska3s@lulu.com
Skyvu,Investment Managers,2013,China,Terry Byfford,Accounting Assistant I,tbyfford3t@elegantthemes.com
Thoughtbridge,Major Pharmaceuticals,8640,Lithuania,Domingo Muzzini,Design Engineer,dmuzzini3u@foxnews.com
Oodoo,Diversified Commercial Services,5147,Kyrgyzstan,Wilhelmina Andreia,Analyst Programmer,wandreia3v@mashable.com
Buzzster,technology,5465,China,Arlee Burgon,VP Marketing,aburgon3w@google.nl
Yodo,Biotechnology: Biological Products (No Diagnostic Substances),9671,China,Jeremias Semiraz,Senior Quality Engineer,jsemiraz3x@webmd.com
Wordpedia,Homebuilding,1069,Armenia,Claudelle Mufford,Geologist II,cmufford3y@uiuc.edu
Voonte,Marine Transportation,5120,China,Karoly Perrottet,Librarian,kperrottet3z@google.es
Chatterpoint,Integrated oil Companies,3469,Democratic Republic of the Congo,Heinrik Haxby,General Manager,hhaxby40@exblog.jp
Yozio,Biotechnology: Biological Products (No Diagnostic Substances),7291,Brazil,Lucais Slaten,Accounting Assistant IV,lslaten41@printfriendly.com
Yata,Business Services,5890,Russia,Theobald Radbond,Senior Editor,tradbond42@ask.com
Yombu,Clothing/Shoe/Accessory Stores,8353,New Zealand,Karlotta Raftery,Biostatistician III,kraftery43@lycos.com
Quinu,technology,3270,Indonesia,Padraic Ferretti,Clinical Specialist,pferretti44@mac.com
Topicstorm,Consumer Electronics/Video Chains,3514,Madagascar,Nicolas McGarel,Executive Secretary,nmcgarel45@webmd.com
Tazzy,Savings Institutions,5063,China,Gilbertine Bruckmann,Human Resources Assistant I,gbruckmann46@imdb.com
Livepath,technology,3076,China,Hector Salisbury,Programmer III,hsalisbury47@people.com.cn
Gabtype,technology,3839,China,Winny Kilduff,General Manager,wkilduff48@4shared.com
Pixoboo,Medical Specialities,5526,China,Rochester Farran,Account Coordinator,rfarran49@amazon.de
Gabspot,Real Estate Investment Trusts,5912,Greece,Juliann Cornill,Senior Developer,jcornill4a@ezinearticles.com
Yodel,Major Banks,9988,Iran,Sly Shefton,Research Associate,sshefton4b@acquirethisname.com
Flashdog,Semiconductors,352,Sweden,Gwendolyn Feild,Structural Analysis Engineer,gfeild4c@printfriendly.com
Brightbean,Property-Casualty Insurers,6115,Indonesia,Waverley O'Hagerty,Media Manager I,wohagerty4d@ibm.com
Jayo,Specialty Insurers,5384,Japan,Florrie Blackader,Geologist IV,fblackader4e@purevolume.com
Shuffledrive,technology,565,China,Laurette Conochie,Data Coordinator,lconochie4f@mayoclinic.com
Brightdog,technology,3505,China,Lorilyn Lytlle,Human Resources Manager,llytlle4g@huffingtonpost.com
Vitz,Biotechnology: Electromedical & Electrotherapeutic Apparatus,8163,Brazil,Rici Tolomelli,Cost Accountant,rtolomelli4h@nytimes.com
Skyndu,Savings Institutions,3401,Latvia,Pamella O'Keevan,Senior Sales Associate,pokeevan4i@yelp.com
Zooveo,Major Pharmaceuticals,3762,Russia,Anabal Levings,Compensation Analyst,alevings4j@walmart.com
Geba,technology,4028,Indonesia,Peyton Van Schafflaer,GIS Technical Architect,pvan4k@multiply.com
Livetube,Major Banks,1641,Ukraine,Archibald Sailor,Software Test Engineer IV,asailor4l@list-manage.com
Lazz,Apparel,7399,Indonesia,Gail Dumper,Cost Accountant,gdumper4m@twitter.com
Skipfire,Electric Utilities: Central,1877,Indonesia,Prent Ragless,Quality Engineer,pragless4n@indiatimes.com
Talane,Telecommunications Equipment,4793,Lithuania,Riley Dillaway,Nurse,rdillaway4o@time.com
Zoomdog,Property-Casualty Insurers,6690,China,Jessie Dunklee,Senior Editor,jdunklee4p@chronoengine.com
Centidel,technology,4104,France,Deeanne Tyrie,Structural Analysis Engineer,dtyrie4q@ezinearticles.com
Gabtype,Motor Vehicles,4823,Indonesia,Dion Compfort,Environmental Specialist,dcompfort4r@ow.ly
Voomm,technology,9293,Croatia,Christophe Joskovitch,Payment Adjustment Coordinator,cjoskovitch4s@globo.com
Youspan,technology,2064,Poland,Caron Holtom,Research Nurse,choltom4t@ning.com
Meembee,technology,7397,Poland,Lynnea Tomlinson,VP Sales,ltomlinson4u@huffingtonpost.com
Demimbu,technology,9256,Indonesia,Moss Durnford,Director of Sales,mdurnford4v@deliciousdays.com
Youspan,technology,7979,China,Carlen Rowley,Senior Cost Accountant,crowley4w@latimes.com
Youbridge,Electronic Components,9137,United States,Gert Longhorn,Marketing Assistant,glonghorn4x@toplist.cz
Topdrive,Natural Gas Distribution,9250,Argentina,Kasey Sibly,Automation Specialist II,ksibly4y@shinystat.com
Myworks,Auto Parts:O.E.M.,7066,Indonesia,Codi Pozer,Senior Financial Analyst,cpozer4z@hao123.com
Dabtype,Marine Transportation,9653,China,Rolfe Burgiss,Professor,rburgiss50@shop-pro.jp
Trunyx,technology,1347,Greece,Konstance Bearns,Administrative Officer,kbearns51@mozilla.com
Vinte,Savings Institutions,9872,Thailand,Shell Duncanson,Marketing Manager,sduncanson52@home.pl
Jetpulse,Medical Specialities,9407,Philippines,Fernande Penman,Physical Therapy Assistant,fpenman53@ucla.edu
Browsebug,technology,4303,Bulgaria,Ludvig Mellings,Database Administrator IV,lmellings54@cnbc.com
Pixonyx,Biotechnology: Biological Products (No Diagnostic Substances),5673,China,Delmor Nealon,Executive Secretary,dnealon55@dion.ne.jp
Wordtune,technology,1418,France,Blane McKea,Accounting Assistant IV,bmckea56@theglobeandmail.com
Yakidoo,Consumer Electronics/Video Chains,1609,Indonesia,Tiphanie Borrows,Data Coordinator,tborrows57@macromedia.com
Twinte,Major Pharmaceuticals,1603,China,Adrian Creegan,Programmer Analyst I,acreegan58@noaa.gov
Leenti,technology,7752,China,Jaquith Rosbotham,Payment Adjustment Coordinator,jrosbotham59@marriott.com
Youspan,Business Services,4903,Indonesia,Chan Sugar,Analyst Programmer,csugar5a@histats.com
JumpXS,Consumer Specialties,1015,China,Maxine Thurgood,Environmental Tech,mthurgood5b@whitehouse.gov
Dablist,technology,7382,Indonesia,Anson Comber,Environmental Specialist,acomber5c@reference.com
Skajo,technology,8194,Colombia,Agathe Tertre,VP Accounting,atertre5d@omniture.com
Voonyx,Telecommunications Equipment,3362,Philippines,Tanny Mulleary,Account Executive,tmulleary5e@cafepress.com
Twitterbeat,Biotechnology: In Vitro & In Vivo Diagnostic Substances,7412,United States,Town Brain,Office Assistant I,tbrain5f@nbcnews.com
Skinder,technology,9750,China,Gloriane Gudger,Nurse,ggudger5g@360.cn
Ooba,Real Estate Investment Trusts,5121,China,Carr Swidenbank,Registered Nurse,cswidenbank5h@opensource.org
Zoomzone,Integrated oil Companies,2340,France,Daisie Pirrey,Mechanical Systems Engineer,dpirrey5i@illinois.edu
Fiveclub,Major Banks,5950,Kazakhstan,Helaine Hugnot,Geological Engineer,hhugnot5j@opensource.org
Jabbersphere,technology,4075,Indonesia,Cale Haith,Payment Adjustment Coordinator,chaith5k@infoseek.co.jp
Innojam,Oil & Gas Production,4254,Republic of the Congo,Percy Stockdale,Librarian,pstockdale5l@vk.com
Centizu,technology,2888,Indonesia,Mahmud Bilbrook,Financial Analyst,mbilbrook5m@wsj.com
Meezzy,Major Pharmaceuticals,7563,Portugal,Rufus Hearnes,Software Test Engineer I,rhearnes5n@loc.gov
Quinu,Major Banks,1771,Mauritius,Mitchael Demko,Graphic Designer,mdemko5o@i2i.jp
Gabvine,technology,5791,Sweden,Maia Mackinder,Marketing Assistant,mmackinder5p@technorati.com
Shuffledrive,Real Estate Investment Trusts,7629,Philippines,Queenie Wanden,Graphic Designer,qwanden5q@e-recht24.de
Fliptune,Finance Companies,1097,Poland,Virge Brann,Research Associate,vbrann5r@mlb.com
Ozu,Automotive Aftermarket,7940,China,Riordan Pinnijar,Help Desk Technician,rpinnijar5s@csmonitor.com
Jaxbean,Miscellaneous manufacturing industries,655,China,Nels Van der Hoeven,Chief Design Engineer,nvan5t@ted.com
Ooba,Trucking Freight/Courier Services,6872,Peru,Ronalda Terris,Office Assistant II,rterris5u@arstechnica.com
Browsezoom,Major Pharmaceuticals,1830,Brazil,Fraser Sterke,Sales Representative,fsterke5v@google.it
Kwilith,technology,4551,Mexico,Connor Shapira,Developer III,cshapira5w@live.com
Flashspan,Catalog/Specialty Distribution,2941,China,Carlie Lukovic,Mechanical Systems Engineer,clukovic5x@furl.net
Eazzy,technology,1809,Indonesia,Guthrie Thurner,Analyst Programmer,gthurner5y@time.com
Oozz,technology,7566,France,Jayme Massow,Chief Design Engineer,jmassow5z@indiegogo.com
Avamba,Major Pharmaceuticals,9662,Canada,Mellisa Dadson,Internal Auditor,mdadson60@cloudflare.com
Eidel,Natural Gas Distribution,3598,China,Thatch Skydall,Mechanical Systems Engineer,tskydall61@weibo.com
Kanoodle,Oil & Gas Production,7976,Poland,Mehetabel Rowlands,Computer Systems Analyst I,mrowlands62@slate.com
Tekfly,Property-Casualty Insurers,5818,Argentina,Toby Towhey,General Manager,ttowhey63@prweb.com
Chatterpoint,Computer Software: Prepackaged Software,2067,China,Amerigo Bachelar,Teacher,abachelar64@skype.com
Dablist,Homebuilding,4567,Canada,Chrysa Plowell,Safety Technician I,cplowell65@tiny.cc
Kwideo,EDP Services,4372,Botswana,Felizio Zanelli,Community Outreach Specialist,fzanelli66@buzzfeed.com
Shuffletag,technology,5995,Russia,Dieter Boddis,Technical Writer,dboddis67@oakley.com
Skipstorm,Major Pharmaceuticals,76,Philippines,Arlette Cobb,Compensation Analyst,acobb68@elpais.com
Wikizz,Real Estate,1926,China,Cori Baraja,Registered Nurse,cbaraja69@barnesandnoble.com
Thoughtbeat,technology,3486,China,Farlie Itzchaki,Quality Control Specialist,fitzchaki6a@rediff.com
Meevee,Oil & Gas Production,6748,Brazil,Shandra Yeabsley,Web Developer I,syeabsley6b@goo.ne.jp
Zoombeat,Industrial Machinery/Components,471,Philippines,Grethel Gradon,VP Quality Control,ggradon6c@goodreads.com
Trupe,Advertising,7216,Canada,Scarlet Edger,Geologist I,sedger6d@nps.gov
Linkbuzz,Restaurants,3430,Indonesia,Krysta Joslin,Pharmacist,kjoslin6e@yellowpages.com
Fivespan,Precious Metals,2274,China,Murvyn Shemmin,Accountant IV,mshemmin6f@google.co.jp
Feednation,Major Banks,4958,China,Morris Dumbreck,Cost Accountant,mdumbreck6g@ft.com
Midel,Electric Utilities: Central,3571,China,Emma Dewar,Junior Executive,edewar6h@ucoz.com
Yata,Mining & Quarrying of Nonmetallic Minerals (No Fuels),560,Nigeria,Thibaud Aikman,Nurse Practicioner,taikman6i@mapy.cz
Youopia,Hotels/Resorts,9818,Morocco,Odey Lindenman,Nurse,olindenman6j@slashdot.org
Blognation,Steel/Iron Ore,2953,Poland,Ximenes Stern,Junior Executive,xstern6k@1688.com
Dabvine,Major Banks,1155,Sweden,Austine Baldock,Clinical Specialist,abaldock6l@issuu.com
Innotype,"Computer Software: Programming, Data Processing",172,China,Arnold Benedyktowicz,Recruiter,abenedyktowicz6m@yellowpages.com
Shuffletag,Real Estate,6433,China,Parke Blakeney,Quality Engineer,pblakeney6n@bbb.org
Skynoodle,Savings Institutions,4686,Croatia,Kelli Hasney,Senior Financial Analyst,khasney6o@unc.edu
Eimbee,Trucking Freight/Courier Services,7699,Palestinian Territory,Ange Scardefield,Assistant Manager,ascardefield6p@loc.gov
Zoomcast,Major Pharmaceuticals,6387,Russia,Pavel Niccols,Payment Adjustment Coordinator,pniccols6q@tamu.edu
Gabspot,Electric Utilities: Central,5188,China,Parnell Tortis,Help Desk Operator,ptortis6r@cnbc.com
Fivechat,Major Pharmaceuticals,2854,Greece,Alick Corneliussen,Food Chemist,acorneliussen6s@newyorker.com
Bubbletube,technology,7482,Philippines,Cristi Hellwig,Electrical Engineer,chellwig6t@china.com.cn
Vipe,Major Pharmaceuticals,5916,Portugal,Angie Faudrie,Assistant Media Planner,afaudrie6u@list-manage.com
Oba,technology,6302,Indonesia,Tildie Kluger,Health Coach II,tkluger6v@answers.com
Brightbean,technology,2188,Brazil,Dallas Nuttall,Professor,dnuttall6w@timesonline.co.uk
Lazz,Consumer Specialties,4161,China,Ealasaid Purselowe,Quality Control Specialist,epurselowe6x@51.la
Teklist,Investment Bankers/Brokers/Service,7169,Equatorial Guinea,Atalanta Grafham,Web Designer IV,agrafham6y@de.vu
Meedoo,Packaged Foods,7677,Brazil,Maribelle Sloane,VP Quality Control,msloane6z@marriott.com
Zooxo,technology,1455,China,Ailey Cicetti,Software Engineer I,acicetti70@purevolume.com
Aimbu,technology,1855,Poland,Ingeborg Drei,Accounting Assistant III,idrei71@netvibes.com
Skyba,Electrical Products,856,China,Bruno Derisley,Information Systems Manager,bderisley72@hud.gov
Dabshots,technology,8434,United States,Rhianna Croft,Nuclear Power Engineer,rcroft73@artisteer.com
Brightbean,Television Services,388,Portugal,Allys Tytherton,Senior Sales Associate,atytherton74@tinyurl.com
Browsedrive,Biotechnology: Biological Products (No Diagnostic Substances),6015,Brazil,Alejoa Gonsalo,VP Sales,agonsalo75@nature.com
Zoovu,Real Estate Investment Trusts,6915,Greece,Darla McMillam,VP Quality Control,dmcmillam76@com.com
Oba,Major Banks,7912,Russia,Stevena McLleese,Project Manager,smclleese77@godaddy.com
Twimm,Business Services,5815,Japan,Shandy Carus,Director of Sales,scarus78@blog.com
Tazzy,Engineering & Construction,5338,Italy,Malorie Stracey,Analog Circuit Design manager,mstracey79@comsenz.com
Oloo,Specialty Chemicals,8861,Poland,Manon Bootman,Analog Circuit Design manager,mbootman7a@amazon.co.uk
Yacero,Containers/Packaging,5314,Poland,Dyanne O'Neill,Librarian,doneill7b@pagesperso-orange.fr
Buzzshare,technology,9622,Sweden,Kenon Van Velden,Speech Pathologist,kvan7c@live.com
Roombo,Real Estate Investment Trusts,1891,Peru,Page O'Noland,Web Developer I,ponoland7d@nhs.uk
Roombo,Electrical Products,7549,Pakistan,Way Wantling,Financial Advisor,wwantling7e@narod.ru
Voonyx,Metal Fabrications,6135,Japan,Saul Draye,Staff Accountant II,sdraye7f@tumblr.com
Yodo,Railroads,7758,Mongolia,Agatha Feldstein,Computer Systems Analyst II,afeldstein7g@cnbc.com
Brightbean,Real Estate Investment Trusts,5215,Indonesia,Jaquith Beeson,Help Desk Technician,jbeeson7h@yelp.com
Feedbug,Real Estate Investment Trusts,2562,Philippines,Nada Mazdon,Structural Engineer,nmazdon7i@fotki.com
Rhynyx,Major Pharmaceuticals,4552,Russia,Donetta Spraging,Registered Nurse,dspraging7j@engadget.com
Realmix,technology,6443,Brazil,Ferdy Nurdin,Community Outreach Specialist,fnurdin7k@shutterfly.com
Flipstorm,Industrial Specialties,5492,Sweden,Matias Genery,Web Designer IV,mgenery7l@com.com
Voomm,Ophthalmic Goods,9665,Indonesia,Inigo McEvon,Software Test Engineer IV,imcevon7m@hp.com
Yambee,"Computer Software: Programming, Data Processing",4566,China,Theadora Linnard,Product Engineer,tlinnard7n@pen.io
Quire,technology,2556,China,Kitti Want,Technical Writer,kwant7o@cisco.com
Buzzshare,Environmental Services,801,China,Fulton Macconaghy,Executive Secretary,fmacconaghy7p@nsw.gov.au
Demimbu,Natural Gas Distribution,1662,Russia,Charlotte Oake,Food Chemist,coake7q@smugmug.com
Blogtags,technology,3536,China,Alexander Lobley,Administrative Officer,alobley7r@elpais.com
Skyndu,technology,7342,Indonesia,Kane McMillan,Clinical Specialist,kmcmillan7s@biglobe.ne.jp
Lajo,technology,7915,Russia,Leopold Walak,VP Sales,lwalak7t@weebly.com
Meeveo,Television Services,2659,Croatia,Rollins Bryde,Programmer IV,rbryde7u@devhub.com
Tazzy,Other Specialty Stores,5498,China,Jasmin Bergen,Web Developer I,jbergen7v@cbc.ca
BlogXS,EDP Services,8100,Croatia,Armin McKintosh,Payment Adjustment Coordinator,amckintosh7w@bloomberg.com
Divape,Rental/Leasing Companies,4730,Germany,Consuela Paolazzi,Senior Cost Accountant,cpaolazzi7x@ftc.gov
Meembee,Business Services,9342,Indonesia,Nevile Pock,Financial Advisor,npock7y@answers.com
Dabfeed,technology,6879,Portugal,Carroll Durand,Speech Pathologist,cdurand7z@examiner.com
Fiveclub,Homebuilding,8246,Bangladesh,Maryanna Gerren,Recruiting Manager,mgerren80@myspace.com
Feedfire,Property-Casualty Insurers,8339,Vietnam,Annabela Mourge,Human Resources Assistant I,amourge81@jimdo.com
Izio,Real Estate,3500,France,Gratia Shitliffe,Registered Nurse,gshitliffe82@imageshack.us
Bluejam,Home Furnishings,730,China,Pat Thrasher,Statistician III,pthrasher83@google.nl
Tagchat,Professional Services,8668,Malaysia,Silvanus Ralling,Geological Engineer,sralling84@google.nl
Photobug,Computer Software: Prepackaged Software,6305,Philippines,Wanids Rodie,Account Representative IV,wrodie85@instagram.com
Eadel,Major Banks,6090,China,Susann Crehan,Programmer III,screhan86@paypal.com
Vinte,Real Estate Investment Trusts,6478,China,Catha Bagby,Quality Control Specialist,cbagby87@t-online.de
Plajo,Metal Fabrications,2622,Indonesia,Claudina Hardinge,Associate Professor,chardinge88@independent.co.uk
Topicware,technology,6706,Japan,Neile Spencley,Dental Hygienist,nspencley89@soundcloud.com
Browsecat,Other Specialty Stores,6284,Peru,Corinne Ferrandez,Recruiter,cferrandez8a@etsy.com
Tambee,Oil & Gas Production,1760,Canada,Augustine Alessandrini,Food Chemist,aalessandrini8b@arstechnica.com
Riffpath,Diversified Commercial Services,4034,Brazil,Willard Velte,Human Resources Assistant I,wvelte8c@pinterest.com
Topicshots,Electrical Products,220,Poland,Vyky Arch,Human Resources Assistant II,varch8d@addthis.com
Rhyloo,Coal Mining,8184,Philippines,Erda McKeowon,Environmental Tech,emckeowon8e@discovery.com
Thoughtstorm,Home Furnishings,6014,Ethiopia,Janenna Dillimore,Business Systems Development Analyst,jdillimore8f@mail.ru
Oloo,Auto Parts:O.E.M.,5093,South Africa,Luisa Fumagalli,Nurse Practicioner,lfumagalli8g@phoca.cz
Miboo,Business Services,6418,China,Dulsea Antonescu,Safety Technician I,dantonescu8h@csmonitor.com
Meeveo,Biotechnology: Biological Products (No Diagnostic Substances),7894,Argentina,Cherilyn Brimming,Sales Associate,cbrimming8i@ftc.gov
Yata,Marine Transportation,7746,Philippines,Emmet Stoffler,Account Representative III,estoffler8j@webmd.com
Edgetag,Biotechnology: In Vitro & In Vivo Diagnostic Substances,6812,Netherlands,Bailey Lattin,Help Desk Operator,blattin8k@freewebs.com
Rhycero,Major Pharmaceuticals,6923,Peru,Alexei Gettens,Assistant Manager,agettens8l@technorati.com
Talane,Investment Managers,718,China,Kassey Camerana,Human Resources Manager,kcamerana8m@cdbaby.com
Brightbean,Savings Institutions,6284,China,Garold Petasch,Food Chemist,gpetasch8n@wp.com
Eare,technology,1564,Indonesia,Sib Rolling,Engineer III,srolling8o@aol.com
Pixoboo,Homebuilding,596,Republic of the Congo,Kearney Cleugh,Automation Specialist II,kcleugh8p@google.ru
Mudo,Broadcasting,3959,Serbia,Arlena Dykas,Staff Accountant IV,adykas8q@census.gov
Jaxbean,technology,845,Argentina,Cammie Whyke,Engineer III,cwhyke8r@t.co
Janyx,technology,9341,Dominican Republic,Eba Wynn,Product Engineer,ewynn8s@digg.com
Blogtags,Restaurants,6109,China,Krissie Hallows,Geological Engineer,khallows8t@yahoo.co.jp
Eabox,Finance: Consumer Services,1624,Russia,Rockie Poge,Teacher,rpoge8u@senate.gov
Zava,Specialty Chemicals,6045,China,Jobina Jefferson,Recruiting Manager,jjefferson8v@senate.gov
Gigaclub,Coal Mining,4849,Democratic Republic of the Congo,Genna Doodson,Nurse Practicioner,gdoodson8w@cbslocal.com
Layo,Marine Transportation,5735,Tanzania,Etta Slocumb,Mechanical Systems Engineer,eslocumb8x@multiply.com
Skipstorm,Oil & Gas Production,4634,China,Monika Wooton,Account Coordinator,mwooton8y@hugedomains.com
Lazzy,Major Chemicals,5703,Russia,Sayre Pettis,Chemical Engineer,spettis8z@dailymotion.com
Tanoodle,Finance Companies,622,United States,Adrianne Ashman,Associate Professor,aashman90@soundcloud.com
Brainbox,EDP Services,4031,France,Lindsy Forrestor,Developer III,lforrestor91@a8.net
Aimbu,Clothing/Shoe/Accessory Stores,3817,China,Ethyl Tumpane,Internal Auditor,etumpane92@statcounter.com
Twitterbridge,Electrical Products,6820,Sweden,Hermione Maginot,Data Coordinator,hmaginot93@cbsnews.com
Devbug,Property-Casualty Insurers,3202,China,Gui Franey,Administrative Assistant I,gfraney94@google.co.jp
Gabcube,technology,2641,Kazakhstan,Park Ibert,Senior Cost Accountant,pibert95@mozilla.org
Babbleblab,Major Banks,6972,China,Katuscha Larrie,Quality Engineer,klarrie96@spiegel.de
Thoughtblab,Advertising,3131,Philippines,Thomasine Plumley,Developer II,tplumley97@desdev.cn
Jazzy,technology,2399,China,Kaye Wisdom,Human Resources Assistant IV,kwisdom98@army.mil
Linklinks,EDP Services,5297,Armenia,Nadiya Cayet,Sales Associate,ncayet99@gnu.org
Zoomdog,technology,4753,Brazil,Renaldo Cumo,Programmer I,rcumo9a@deviantart.com
Skyvu,Real Estate Investment Trusts,5639,China,Maisie Moynham,Nurse,mmoynham9b@diigo.com
Avamm,Finance/Investors Services,7140,China,Hiram Woolfenden,Senior Quality Engineer,hwoolfenden9c@lycos.com
Realmix,Auto Manufacturing,8508,China,Gabriella Seago,Statistician II,gseago9d@aboutads.info
Quire,Other Consumer Services,3877,Russia,Shaine McQuarter,Cost Accountant,smcquarter9e@imdb.com
Youfeed,Broadcasting,5305,Russia,Daveta Mirams,Help Desk Technician,dmirams9f@clickbank.net
Pixope,Packaged Foods,8655,Ukraine,Dew Wigelsworth,Statistician II,dwigelsworth9g@123-reg.co.uk
Kamba,technology,8179,Colombia,Ainslie Mattimoe,Senior Editor,amattimoe9h@squarespace.com
Youspan,technology,4949,Poland,Cymbre Kincla,Administrative Assistant IV,ckincla9i@msn.com
Lajo,Industrial Machinery/Components,3849,Ukraine,Danya Braunton,VP Product Management,dbraunton9j@indiatimes.com
Wikido,Office Equipment/Supplies/Services,8108,Philippines,Idell Bettenson,Systems Administrator II,ibettenson9k@wix.com
Kare,Home Furnishings,3537,China,Jillana Huitt,Product Engineer,jhuitt9l@exblog.jp
Livepath,Electric Utilities: Central,9250,China,Robbie Zamorrano,Assistant Professor,rzamorrano9m@blogspot.com
Centizu,Specialty Insurers,9670,Indonesia,Aubrette Briddock,Internal Auditor,abriddock9n@seattletimes.com
Youspan,Railroads,938,Czech Republic,Annmarie McIlwreath,Director of Sales,amcilwreath9o@ebay.com
Fivebridge,Major Pharmaceuticals,939,Argentina,Sollie Petken,Engineer II,spetken9p@oracle.com
Mudo,Power Generation,1674,Brazil,Yvon Andrichuk,VP Quality Control,yandrichuk9q@quantcast.com
Yodel,Accident &Health Insurance,8285,China,Marina McKevitt,Environmental Specialist,mmckevitt9r@phpbb.com
Feedfire,technology,2134,Greece,Graehme Stienham,Web Designer II,gstienham9s@w3.org
Roombo,Packaged Foods,6759,Marshall Islands,Leese Caghy,Health Coach III,lcaghy9t@cpanel.net
Yambee,technology,9238,South Korea,Pennie Michell,Senior Sales Associate,pmichell9u@sakura.ne.jp
JumpXS,Semiconductors,344,Brazil,Paulina Garrow,Systems Administrator I,pgarrow9v@sina.com.cn
Browsecat,Major Banks,2194,China,Rene Stirtle,Web Developer I,rstirtle9w@dedecms.com
Dynabox,Major Banks,2471,Peru,Francyne Tremathick,Quality Engineer,ftremathick9x@dot.gov
Roombo,Major Banks,5731,Bulgaria,Marthena Abelevitz,Safety Technician I,mabelevitz9y@dion.ne.jp
Zoombeat,technology,9437,Colombia,Charley Emberson,Human Resources Manager,cemberson9z@bing.com
Browseblab,Real Estate Investment Trusts,5840,Colombia,Maryanna Imison,Geologist I,mimisona0@dropbox.com
Jabberbean,Electric Utilities: Central,6372,Indonesia,Sim Guyan,Associate Professor,sguyana1@ted.com
Devcast,Semiconductors,5790,Indonesia,Manon Senogles,Senior Developer,msenoglesa2@tinypic.com
Trudeo,EDP Services,8774,Indonesia,Morna Leechman,Software Engineer III,mleechmana3@acquirethisname.com
Oloo,Home Furnishings,1108,China,Fran McRobb,Dental Hygienist,fmcrobba4@ovh.net
Demizz,Real Estate Investment Trusts,4712,Ukraine,Zelda Hedling,Software Consultant,zhedlinga5@macromedia.com
Geba,Savings Institutions,7654,Portugal,Cosmo Gath,Associate Professor,cgatha6@networksolutions.com
Quatz,Computer Software: Prepackaged Software,7338,China,Humberto Emons,Computer Systems Analyst II,hemonsa7@discuz.net
Yoveo,Real Estate Investment Trusts,602,Malaysia,Alma Flowitt,Cost Accountant,aflowitta8@amazon.co.uk
Jaxspan,Transportation Services,6972,Russia,Gill O'Cahsedy,Staff Accountant III,gocahsedya9@blogs.com
Quamba,Metal Fabrications,6160,Syria,Shandee Hacket,GIS Technical Architect,shacketaa@icq.com
Skinder,technology,5232,United States,Melva Meechan,Financial Advisor,mmeechanab@wp.com
Yamia,Packaged Foods,5075,Yemen,Karina Streak,Programmer Analyst III,kstreakac@aol.com
Fliptune,Savings Institutions,6302,Portugal,Nicol Chidlow,Programmer I,nchidlowad@google.nl
Edgepulse,Semiconductors,3199,United States,Niels Tewkesbury.,Tax Accountant,ntewkesburyae@elegantthemes.com
Skajo,Computer Software: Prepackaged Software,6006,Czech Republic,Bryon Butland,Pharmacist,bbutlandaf@addtoany.com
Abata,Major Banks,4228,Palestinian Territory,Fawnia MacGaughie,Computer Systems Analyst III,fmacgaughieag@instagram.com
Yozio,Oil & Gas Production,3242,Japan,Joella Olivazzi,Community Outreach Specialist,jolivazziah@google.it
Aimbu,technology,1600,Syria,Melesa Meaton,Marketing Assistant,mmeatonai@java.com
Browsetype,Television Services,6744,Spain,Filmer Mynott,Health Coach II,fmynottaj@i2i.jp
Babblestorm,technology,1898,Indonesia,Ramonda Reinger,Information Systems Manager,rreingerak@blogspot.com
Twinte,Business Services,1160,Indonesia,Florencia Shrieve,Librarian,fshrieveal@clickbank.net
Aibox,technology,8667,Albania,Rodge Scowcroft,Senior Cost Accountant,rscowcroftam@indiatimes.com
Oyoyo,Radio And Television Broadcasting And Communications Equipment,3033,Philippines,Hannie Boam,Assistant Media Planner,hboaman@cornell.edu
Demivee,Other Consumer Services,2767,Indonesia,Meara Rhymer,Mechanical Systems Engineer,mrhymerao@blog.com
Tagfeed,Paints/Coatings,4423,China,Eduard Trengrouse,Health Coach I,etrengrouseap@google.com
Eimbee,technology,183,Sweden,Chance Collar,Structural Engineer,ccollaraq@archive.org
Livetube,Motor Vehicles,9038,Japan,Jamesy Baish,Electrical Engineer,jbaishar@squidoo.com
Innotype,technology,4194,Trinidad and Tobago,Stafani Salandino,Geologist I,ssalandinoas@vimeo.com
Trilith,Homebuilding,5997,Ivory Coast,Brockie Goodale,Librarian,bgoodaleat@microsoft.com
Topicware,Savings Institutions,1413,Greece,Jenelle Yeowell,Assistant Media Planner,jyeowellau@msu.edu
Zoozzy,Meat/Poultry/Fish,3108,Sweden,Thoma Andrioli,Food Chemist,tandrioliav@reddit.com
Dazzlesphere,Coal Mining,2725,United States,Gib Fitzsimmons,Editor,gfitzsimmonsaw@twitter.com
Yoveo,Apparel,9874,China,Ethelbert Clint,Physical Therapy Assistant,eclintax@cyberchimps.com
Buzzshare,Metal Fabrications,4681,China,Ody Alexandre,Operator,oalexandreay@pen.io
Twinte,Real Estate Investment Trusts,8782,China,Flossi St. Quintin,Sales Representative,fstaz@geocities.com
Rooxo,Major Banks,9871,Seychelles,Imojean Iorillo,Pharmacist,iiorillob0@github.io
Tanoodle,technology,1622,Indonesia,Norrie Camerello,Desktop Support Technician,ncamerellob1@nsw.gov.au
Rhynyx,Marine Transportation,7756,Tunisia,Mallissa Stoakes,Senior Sales Associate,mstoakesb2@newyorker.com
Feedmix,Other Specialty Stores,541,Bangladesh,Zonnya Janjusevic,Senior Quality Engineer,zjanjusevicb3@cmu.edu
Wikizz,Services-Misc. Amusement & Recreation,1045,Brazil,Gayelord Wentworth,Junior Executive,gwentworthb4@discovery.com
Feedbug,Electronic Components,4389,Peru,Ashley Ca,Safety Technician I,acab5@naver.com
Centidel,Biotechnology: In Vitro & In Vivo Diagnostic Substances,5288,Czech Republic,Silvia Bradnock,Assistant Media Planner,sbradnockb6@cbslocal.com
Camimbo,Natural Gas Distribution,9148,Colombia,Noelani Lafee,Professor,nlafeeb7@nifty.com
Tambee,technology,6716,Mexico,Marketa Hawney,Sales Associate,mhawneyb8@marriott.com
Kazio,Auto Parts:O.E.M.,8459,Mongolia,Bidget Bastian,Research Nurse,bbastianb9@spiegel.de
Avamm,technology,3698,China,Shel Foulgham,Compensation Analyst,sfoulghamba@uol.com.br
Skipfire,Banks,6261,Brazil,Cazzie Malcolm,Project Manager,cmalcolmbb@php.net
Roombo,Semiconductors,7571,Nigeria,Erina Pecht,Senior Editor,epechtbc@washington.edu
Tagopia,Oil & Gas Production,4570,Democratic Republic of the Congo,Frederich Rodrigo,Cost Accountant,frodrigobd@printfriendly.com
Bubblebox,Electric Utilities: Central,9271,Thailand,Tiffy Schole,Community Outreach Specialist,tscholebe@ycombinator.com
Zava,Department/Specialty Retail Stores,6268,Indonesia,Chloris Caffery,Biostatistician IV,ccafferybf@amazon.de
Dabtype,Biotechnology: Electromedical & Electrotherapeutic Apparatus,8590,Russia,Collin Fippe,Environmental Tech,cfippebg@fotki.com
Zooveo,Marine Transportation,7167,Portugal,Bobinette Axcell,Social Worker,baxcellbh@google.it
Ailane,Metal Fabrications,7852,Guam,Alphard Maddaford,Structural Analysis Engineer,amaddafordbi@reuters.com
Wikibox,Property-Casualty Insurers,4772,United States,Judas Lloyds,Civil Engineer,jlloydsbj@loc.gov
Divavu,Property-Casualty Insurers,2705,China,Nicol Rene,Editor,nrenebk@seattletimes.com
Vimbo,Industrial Machinery/Components,4825,Brazil,Neely Barracks,Recruiting Manager,nbarracksbl@house.gov
Rhyloo,RETAIL: Building Materials,636,Russia,Gwendolyn Sharratt,Help Desk Operator,gsharrattbm@un.org
Fivechat,Major Pharmaceuticals,1818,China,Des Dilloway,Tax Accountant,ddillowaybn@ezinearticles.com
Demivee,Major Pharmaceuticals,4980,Portugal,Ashien Levis,Software Test Engineer II,alevisbo@mysql.com
Wordware,Major Pharmaceuticals,9835,Sweden,Raven Leithgoe,Senior Financial Analyst,rleithgoebp@army.mil
Flipopia,Services-Misc. Amusement & Recreation,1775,Malawi,Stillman Hanbridge,Sales Representative,shanbridgebq@jigsy.com
Kanoodle,Marine Transportation,8213,Philippines,Minny Barson,Senior Financial Analyst,mbarsonbr@jigsy.com
Yambee,RETAIL: Building Materials,6663,France,Georg Camilletti,Executive Secretary,gcamillettibs@mlb.com
Eidel,Industrial Machinery/Components,9011,United States,Dorella Daily,Quality Control Specialist,ddailybt@nymag.com
Voolith,Major Pharmaceuticals,9536,Brazil,Gery MacGraith,Safety Technician I,gmacgraithbu@surveymonkey.com
Brainverse,Metal Fabrications,5757,China,Gerhardine Skae,Tax Accountant,gskaebv@ibm.com
Realbridge,Restaurants,9377,Thailand,Felike Sleite,Nurse,fsleitebw@diigo.com
Myworks,technology,7814,Russia,Jacqui Pedri,Tax Accountant,jpedribx@nymag.com
Pixonyx,technology,515,Peru,Nonna Bwye,Nurse,nbwyeby@is.gd
Voomm,Major Pharmaceuticals,9870,China,Blakeley Rannie,VP Marketing,branniebz@tmall.com
Aimbo,Real Estate,4857,China,Anna-diane Lindstrom,Account Representative III,alindstromc0@e-recht24.de
Snaptags,Industrial Machinery/Components,2958,Peru,Mellicent Lipson,Help Desk Operator,mlipsonc1@cloudflare.com
Babblestorm,Consumer Specialties,1825,China,Pierce Gethouse,General Manager,pgethousec2@google.es
Jayo,Major Banks,7128,Philippines,Mathias Philpots,Help Desk Technician,mphilpotsc3@163.com
Yakitri,technology,6977,Philippines,Tova Tiebe,Analog Circuit Design manager,ttiebec4@prlog.org
Leexo,Agricultural Chemicals,1637,Egypt,Meryl Staines,Account Executive,mstainesc5@flickr.com
Mymm,Building operators,982,Indonesia,Joell Stirman,Safety Technician III,jstirmanc6@gizmodo.com
Mynte,Major Pharmaceuticals,6072,Canada,Tucky Van Velde,Environmental Tech,tvanc7@1688.com
Flipopia,Medical Specialities,2413,China,Letizia Tondeur,Account Representative IV,ltondeurc8@bluehost.com
Zoomcast,Major Banks,5760,China,Meara Durward,Dental Hygienist,mdurwardc9@msu.edu
Quimm,Major Pharmaceuticals,435,China,Henriette Scotson,Junior Executive,hscotsonca@hhs.gov
Twinte,Industrial Machinery/Components,691,Thailand,Giorgi Bartot,Chemical Engineer,gbartotcb@forbes.com
Wordify,EDP Services,1163,Portugal,Kalila Dunmuir,Biostatistician II,kdunmuircc@w3.org
Meemm,Savings Institutions,7971,Philippines,Bernice Deinert,VP Accounting,bdeinertcd@nytimes.com
Tagopia,technology,9012,Poland,Vinni Polleye,Electrical Engineer,vpolleyece@scientificamerican.com
Feedspan,Real Estate,2207,Ukraine,Gabi Tanser,Systems Administrator III,gtansercf@army.mil
Aibox,Miscellaneous manufacturing industries,5532,China,Madella Satcher,Staff Scientist,msatchercg@naver.com
Kazu,technology,3249,China,Terri Shirlaw,Financial Advisor,tshirlawch@google.it
Latz,technology,9730,China,Giffy Schaffler,Assistant Manager,gschafflerci@cornell.edu
Wikizz,technology,604,Sweden,Klarrisa Martinie,Junior Executive,kmartiniecj@exblog.jp
Tagfeed,Commercial Banks,3846,China,Ashley Jobbins,Assistant Media Planner,ajobbinsck@cbslocal.com
Wikibox,technology,3161,Brazil,Jimmy Norcutt,Director of Sales,jnorcuttcl@imgur.com
Divavu,technology,797,Brazil,Gale Winspar,Software Test Engineer I,gwinsparcm@photobucket.com
Oba,technology,9336,Czech Republic,Miles Bardell,Research Assistant II,mbardellcn@ihg.com
Meedoo,Other Consumer Services,4161,Indonesia,Debbi Houndson,Marketing Manager,dhoundsonco@hibu.com
Twiyo,Finance: Consumer Services,7327,Bulgaria,Kelsey McKillop,Assistant Manager,kmckillopcp@mapquest.com
Wikizz,Restaurants,720,Poland,Rochelle Bascombe,Food Chemist,rbascombecq@people.com.cn
Brainsphere,technology,1888,Sweden,Norrie McNae,Executive Secretary,nmcnaecr@sakura.ne.jp
Realcube,Power Generation,4579,Ivory Coast,Shaylynn Penson,VP Product Management,spensoncs@cbsnews.com
Skipfire,technology,2814,Philippines,Maximilian Gravie,Administrative Officer,mgraviect@mac.com
Omba,technology,8495,Thailand,Rodi Pilgram,Developer II,rpilgramcu@earthlink.net
Photobean,Computer Software: Prepackaged Software,7346,China,Craggy Weymont,Assistant Media Planner,cweymontcv@cnet.com
Gigaclub,Major Banks,8205,China,Dulcie Dugmore,Graphic Designer,ddugmorecw@apple.com
Kwinu,Military/Government/Technical,3520,China,Hernando Goudman,Help Desk Operator,hgoudmancx@seesaa.net
Mynte,Oil/Gas Transmission,4628,Russia,Tallulah Dymond,Technical Writer,tdymondcy@vinaora.com
Zoozzy,Specialty Insurers,4833,Poland,Retha Swindall,Safety Technician I,rswindallcz@amazonaws.com
Centidel,Professional Services,1508,United States,Constantia Lingard,Assistant Media Planner,clingardd0@webnode.com
Quire,Air Freight/Delivery Services,6238,Colombia,Jill Paske,Operator,jpasked1@vinaora.com
Vipe,Real Estate Investment Trusts,8439,South Africa,Corrina Turville,VP Marketing,cturvilled2@imdb.com
Meevee,Consumer Electronics/Appliances,3004,China,Evangelia Adnam,Associate Professor,eadnamd3@dagondesign.com
Blogpad,Building operators,6126,China,Paul Blunderfield,Information Systems Manager,pblunderfieldd4@sohu.com
Jaxnation,EDP Services,8671,Uganda,Sheba Nayshe,Geological Engineer,snayshed5@over-blog.com
Buzzdog,Semiconductors,8871,China,Clarisse Whiteley,Recruiter,cwhiteleyd6@arstechnica.com
Meemm,Professional Services,8680,Russia,Joanna Lawling,Librarian,jlawlingd7@nydailynews.com
Gigabox,Business Services,63,Ivory Coast,Gabriel Creser,Quality Engineer,gcreserd8@ucoz.com
Yodo,Real Estate Investment Trusts,6169,Brazil,Minne Gooding,Human Resources Manager,mgoodingd9@hatena.ne.jp
Babbleopia,technology,3940,Armenia,Wenda Readett,Electrical Engineer,wreadettda@ox.ac.uk
Jaxbean,Computer peripheral equipment,3265,China,Johnathon Tejada,Staff Accountant II,jtejadadb@smugmug.com
Quaxo,technology,2993,Indonesia,Karole Fludgate,Teacher,kfludgatedc@apache.org
Chatterbridge,Telecommunications Equipment,71,Portugal,Darill Wattinham,Marketing Manager,dwattinhamdd@salon.com
Twimm,Auto Parts:O.E.M.,8955,China,Beau Scoles,Human Resources Manager,bscolesde@wikipedia.org
Latz,technology,9478,Greece,Braden Womersley,Tax Accountant,bwomersleydf@artisteer.com
Fiveclub,Specialty Chemicals,5806,Netherlands,Alexandrina Giacomasso,Administrative Officer,agiacomassodg@rediff.com
Kanoodle,technology,142,Uganda,Sephira Praundl,Editor,spraundldh@elegantthemes.com
Zoomlounge,technology,4817,United States,Tobe Stigers,Media Manager II,tstigersdi@skyrock.com
Flashdog,Telecommunications Equipment,2974,Indonesia,Floris Toyer,Nurse,ftoyerdj@yellowbook.com
Meevee,Property-Casualty Insurers,6963,Indonesia,Sumner De Beauchamp,Assistant Manager,sdedk@businesswire.com
Yoveo,Major Pharmaceuticals,4486,Pakistan,Selia Morgan,Research Nurse,smorgandl@amazon.de
Feedspan,technology,9119,Poland,Wendy Skitral,Director of Sales,wskitraldm@house.gov
Twitterworks,EDP Services,6228,Mexico,Nick Lenin,Programmer Analyst I,nlenindn@cnn.com
Twinte,technology,5876,China,Calla Medwell,Budget/Accounting Analyst II,cmedwelldo@bloomberg.com
Leexo,Major Pharmaceuticals,364,China,Avis Elrick,Accountant I,aelrickdp@microsoft.com
Leenti,"Computer Software: Programming, Data Processing",9316,Egypt,Devina Bracci,Cost Accountant,dbraccidq@scientificamerican.com
Voonder,technology,6955,Nepal,Nicolai Mayhead,Administrative Assistant IV,nmayheaddr@360.cn
Devpulse,technology,3857,Pakistan,Rob Gainsborough,Dental Hygienist,rgainsboroughds@reverbnation.com
Centizu,Major Banks,4024,Indonesia,Andrew Frosdick,Staff Scientist,afrosdickdt@webmd.com
Fatz,Packaged Foods,5234,China,Colene Bakeup,Geological Engineer,cbakeupdu@craigslist.org
Muxo,RETAIL: Building Materials,2337,Egypt,Dwayne Hedon,Nurse,dhedondv@1und1.de
Skalith,technology,4256,Indonesia,Alejandra Filipychev,Research Associate,afilipychevdw@mit.edu
Devcast,Specialty Chemicals,9489,Argentina,Morton Wilber,Environmental Specialist,mwilberdx@furl.net
Shufflester,technology,6715,Nepal,Perri Georgeou,Senior Financial Analyst,pgeorgeoudy@psu.edu
Jayo,Office Equipment/Supplies/Services,4382,Indonesia,Blair Cornfield,Account Representative II,bcornfielddz@typepad.com
Omba,Major Chemicals,1932,Albania,Marius Cutchee,Librarian,mcutcheee0@samsung.com
Twinder,Property-Casualty Insurers,6814,Poland,Brittne Rising,Programmer Analyst IV,brisinge1@archive.org
Gabtype,Restaurants,3762,Poland,Penelopa Strickland,Technical Writer,pstricklande2@answers.com
Dabshots,Restaurants,924,Indonesia,Garret Gethings,Research Assistant III,ggethingse3@bbc.co.uk
Teklist,Oilfield Services/Equipment,9190,Indonesia,Marlene Penhaleurack,VP Accounting,mpenhaleuracke4@sohu.com
Quimm,Apparel,9838,France,Patsy Bastone,Account Representative III,pbastonee5@miitbeian.gov.cn
Avavee,technology,608,United States,Ruddie Sayward,Pharmacist,rsaywarde6@cocolog-nifty.com
Buzzster,Oilfield Services/Equipment,658,Bolivia,Othilia MacKissack,Statistician I,omackissacke7@imdb.com
Ailane,Steel/Iron Ore,7339,China,Jinny Bednall,Staff Scientist,jbednalle8@google.com.br
Twitterbridge,Real Estate,166,Philippines,Gerda Beining,Web Developer IV,gbeininge9@pinterest.com
Lazz,technology,994,Mongolia,Alfreda Philippon,Software Test Engineer I,aphilipponea@kickstarter.com
Zoombox,Business Services,845,China,Fleming Scoffham,Human Resources Manager,fscoffhameb@homestead.com
Kwilith,Major Banks,6062,Colombia,Nelie Errol,Speech Pathologist,nerrolec@last.fm
Riffpedia,technology,5915,Indonesia,Antoinette Relton,Account Representative I,areltoned@hubpages.com
Livetube,Major Pharmaceuticals,9579,Sweden,Neilla Blader,Financial Analyst,nbladeree@g.co
Oozz,Metal Fabrications,2481,China,Angelina Larrie,Geologist II,alarrieef@zdnet.com
Dynabox,Military/Government/Technical,6101,Serbia,Guinevere Isacsson,Senior Developer,gisacssoneg@guardian.co.uk
Realcube,Real Estate,5620,Indonesia,Wilhelm Spragge,Data Coordinator,wspraggeeh@wordpress.org
Topiczoom,Major Pharmaceuticals,6534,Vietnam,Quillan Galia,Senior Sales Associate,qgaliaei@google.com
Rhyloo,Business Services,1208,Peru,Billy Sansun,Statistician I,bsansunej@ask.com
Topiczoom,Water Supply,5757,Serbia,Randy Macewan,Payment Adjustment Coordinator,rmacewanek@google.ru
Skyble,Oil & Gas Production,3525,Poland,Winnah Knevit,Business Systems Development Analyst,wknevitel@bing.com
Voolith,Biotechnology: Electromedical & Electrotherapeutic Apparatus,9068,Indonesia,Annissa Bogies,Account Executive,abogiesem@is.gd
Youspan,Business Services,4831,China,Gertrudis Cockran,General Manager,gcockranen@mtv.com
Izio,Major Pharmaceuticals,104,Indonesia,Antonina Davidoff,Desktop Support Technician,adavidoffeo@wikia.com
Devcast,Oil & Gas Production,5675,Poland,Katie Marklin,Financial Analyst,kmarklinep@amazon.com
Thoughtblab,Business Services,3973,Poland,Amitie Lidgard,Account Executive,alidgardeq@shutterfly.com
Thoughtmix,Metal Fabrications,4787,China,Grove Castell,Teacher,gcasteller@alibaba.com
Tekfly,Oil Refining/Marketing,9818,China,Odey Loxdale,Automation Specialist IV,oloxdalees@ycombinator.com
Divape,technology,5432,Philippines,Brit McKinlay,Developer III,bmckinlayet@wiley.com
Leenti,technology,805,Palestinian Territory,Reba Boxill,Help Desk Operator,rboxilleu@independent.co.uk
Jayo,Real Estate,5711,Indonesia,Bella Kinforth,Help Desk Operator,bkinforthev@nationalgeographic.com
Divape,Beverages (Production/Distribution),5303,Indonesia,Vale Creboe,Desktop Support Technician,vcreboeew@bandcamp.com
Meejo,Building Products,6408,Indonesia,Kristen Carillo,Graphic Designer,kcarilloex@indiatimes.com
Avamba,Industrial Machinery/Components,9574,Indonesia,Ofelia Sargood,Statistician II,osargoodey@devhub.com
Jabbersphere,technology,9073,France,Natalee Tregido,Financial Analyst,ntregidoez@cdc.gov
Riffpedia,Farming/Seeds/Milling,6600,China,Reece Douthwaite,Web Designer IV,rdouthwaitef0@goodreads.com
Zoomlounge,Computer Software: Prepackaged Software,192,Indonesia,Codie Edmenson,Systems Administrator III,cedmensonf1@reference.com
Rhyloo,Property-Casualty Insurers,3764,Indonesia,Angela Nafzger,Marketing Assistant,anafzgerf2@tuttocitta.it
Mynte,technology,1063,Malaysia,Hetti Stowe,Statistician IV,hstowef3@theatlantic.com
Jayo,EDP Services,156,Indonesia,Rodi Verzey,Software Test Engineer I,rverzeyf4@istockphoto.com
Topiczoom,Other Pharmaceuticals,4934,Peru,Ulberto Skeldinge,Assistant Media Planner,uskeldingef5@printfriendly.com
Ooba,Diversified Commercial Services,6995,Brazil,Shamus Coolican,Senior Financial Analyst,scoolicanf6@oakley.com
Riffpedia,Real Estate Investment Trusts,7305,Kazakhstan,Farlay McLachlan,Sales Representative,fmclachlanf7@list-manage.com
Edgepulse,Packaged Foods,3778,Philippines,Alika MacCurley,Operator,amaccurleyf8@ebay.co.uk
Skalith,Finance: Consumer Services,2694,Indonesia,Corella Perone,Staff Scientist,cperonef9@cnet.com
Tazzy,technology,8544,Norway,Major McFeate,Budget/Accounting Analyst II,mmcfeatefa@creativecommons.org
Abata,Major Banks,8662,Haiti,Kirbee Blakeden,Software Engineer I,kblakedenfb@addthis.com
Thoughtbridge,Railroads,9957,Ireland,Modesty Clackers,Tax Accountant,mclackersfc@wp.com
Skyvu,Major Pharmaceuticals,283,Poland,Cleavland Eubank,Research Associate,ceubankfd@privacy.gov.au
Flashdog,Electric Utilities: Central,8429,Russia,Davidde Rattenbury,VP Sales,drattenburyfe@ed.gov
Rhycero,Computer Software: Prepackaged Software,8878,China,Theresita Corder,Human Resources Manager,tcorderff@elpais.com
Geba,Telecommunications Equipment,326,Russia,Gweneth Tefft,Account Coordinator,gtefftfg@blogs.com
Zoovu,Finance: Consumer Services,3262,China,Melony Napoleone,Pharmacist,mnapoleonefh@ameblo.jp
Eabox,Industrial Specialties,3579,China,Nicol Jado,Assistant Media Planner,njadofi@cnet.com
Rhyloo,technology,4080,United States,Jade Chazerand,Associate Professor,jchazerandfj@sciencedaily.com
Blogspan,technology,1316,Sweden,Pepi Arbuckel,Web Developer IV,parbuckelfk@feedburner.com
Zoomzone,Automotive Aftermarket,248,New Zealand,Merwyn Cane,Programmer III,mcanefl@hc360.com
Skalith,technology,7095,Poland,Mildred Cokayne,Office Assistant IV,mcokaynefm@fema.gov
Jabbercube,Investment Managers,2706,Sweden,Keri Cammack,Assistant Manager,kcammackfn@vistaprint.com
Digitube,Packaged Foods,1277,Philippines,Glynis Cormode,VP Marketing,gcormodefo@webmd.com
Wikizz,Trucking Freight/Courier Services,1893,Czech Republic,Catie Izakov,Human Resources Manager,cizakovfp@harvard.edu
Wikivu,Marine Transportation,4071,Colombia,Julieta Lidstone,Electrical Engineer,jlidstonefq@yahoo.co.jp
Zoovu,Business Services,5119,Russia,Renie Blackah,Structural Engineer,rblackahfr@etsy.com
Mycat,Aerospace,6403,Morocco,Bartholomew Rudsdale,Pharmacist,brudsdalefs@instagram.com
Eire,Major Pharmaceuticals,934,United States,Van Gunter,Research Associate,vgunterft@state.tx.us
Quaxo,technology,6365,Bolivia,Teodoor Whiston,Staff Scientist,twhistonfu@mlb.com
Mynte,Semiconductors,261,China,Hamlin Akroyd,Operator,hakroydfv@plala.or.jp
Avavee,Constructiotechnologyg Equipment/Trucks,9928,Ghana,Simonette Darlington,Director of Sales,sdarlingtonfw@blogtalkradio.com
Photofeed,Automotive Aftermarket,3321,China,Karl Canwell,Chemical Engineer,kcanwellfx@ft.com
Eazzy,Real Estate Investment Trusts,8797,China,Ernesto Bantham,Teacher,ebanthamfy@redcross.org
Skibox,technology,9508,Czech Republic,Finley Jouanet,Database Administrator III,fjouanetfz@telegraph.co.uk
Jaxworks,Computer Software: Prepackaged Software,6089,Poland,Celesta Keinrat,Developer IV,ckeinratg0@washington.edu
Livefish,Electric Utilities: Central,5534,Canada,Nicky Sherlaw,Paralegal,nsherlawg1@163.com
Avaveo,Computer Software: Prepackaged Software,6657,Russia,Jemmie Rowson,Account Coordinator,jrowsong2@ca.gov
Vinder,technology,6876,United States,Kalindi Fallens,Recruiting Manager,kfallensg3@paginegialle.it
Twitterbridge,Auto Parts:O.E.M.,6695,Canada,Dolorita Golthorpp,Help Desk Operator,dgolthorppg4@amazon.com
Gabvine,Television Services,8320,Sweden,Kristo Becom,Safety Technician IV,kbecomg5@icq.com
Blogpad,Trucking Freight/Courier Services,4652,Czech Republic,Josee Bates,Paralegal,jbatesg6@google.com.au
Zoombeat,Paints/Coatings,5355,Burkina Faso,Arvy Marr,Automation Specialist III,amarrg7@thetimes.co.uk
Rhybox,Major Pharmaceuticals,5880,Ukraine,Orelie Sexty,Project Manager,osextyg8@auda.org.au
Meeveo,Biotechnology: Electromedical & Electrotherapeutic Apparatus,1539,China,Sol Brede,Staff Accountant III,sbredeg9@nationalgeographic.com
Roodel,Major Banks,861,Canada,Carole Otley,Chief Design Engineer,cotleyga@washingtonpost.com
Wordtune,technology,8243,Brazil,Kary Giacovazzo,Actuary,kgiacovazzogb@rediff.com
Plajo,Major Banks,6813,Argentina,Taddeo Woan,Office Assistant III,twoangc@google.co.jp
Youspan,Telecommunications Equipment,6762,United States,Nana O'Concannon,Web Developer II,noconcannongd@moonfruit.com
Yodel,Industrial Machinery/Components,598,Afghanistan,Lana McAlpine,Recruiter,lmcalpinege@tmall.com
Meembee,Hospital/Nursing Management,6677,Indonesia,Marmaduke Medford,Nuclear Power Engineer,mmedfordgf@smugmug.com
Mita,technology,1700,Indonesia,Heath Sywell,Accountant IV,hsywellgg@joomla.org
Zava,Specialty Chemicals,3740,Palestinian Territory,Kristy Tristram,Research Assistant II,ktristramgh@goodreads.com
Trudoo,technology,7639,Greece,Nicoline Attenbrough,Research Associate,nattenbroughgi@wufoo.com
Bluejam,Semiconductors,7135,Norway,Lynnelle Shanahan,Business Systems Development Analyst,lshanahangj@go.com
Jabbercube,Air Freight/Delivery Services,6910,China,Raphaela Domange,Dental Hygienist,rdomangegk@google.com
Meevee,Real Estate Investment Trusts,4977,Poland,Christin McPeeters,Tax Accountant,cmcpeetersgl@delicious.com
Flipopia,technology,3884,Indonesia,Brett Woodlands,Sales Representative,bwoodlandsgm@jugem.jp
Divape,technology,3102,Dominican Republic,Concettina Bohills,Electrical Engineer,cbohillsgn@bluehost.com
Avamba,Package Goods/Cosmetics,5912,Poland,Bobine Winspire,Programmer Analyst IV,bwinspirego@bloglines.com
Skilith,Building Materials,1359,Belarus,Jillie Bruno,Civil Engineer,jbrunogp@telegraph.co.uk
Tagtune,Semiconductors,8826,Czech Republic,Liz Passmore,Business Systems Development Analyst,lpassmoregq@instagram.com
Einti,technology,9989,Malta,Edy Chiswell,Database Administrator II,echiswellgr@flickr.com
Riffwire,technology,7491,Indonesia,Byram Beckmann,Statistician IV,bbeckmanngs@blogs.com
Livetube,technology,5256,Russia,Jamie Gahan,Professor,jgahangt@ucla.edu
Yoveo,technology,5403,Indonesia,Coleman Skeen,Help Desk Technician,cskeengu@amazonaws.com
Jetwire,Major Pharmaceuticals,5985,Indonesia,Paige Whitehorn,Registered Nurse,pwhitehorngv@java.com
Blogspan,Ordnance And Accessories,5645,China,Garfield Santry,Tax Accountant,gsantrygw@pcworld.com
Talane,technology,5822,Indonesia,Herbie Figgins,Research Assistant III,hfigginsgx@howstuffworks.com
Eidel,technology,7394,French Polynesia,Lucina Ansell,Quality Control Specialist,lansellgy@wired.com
Jaloo,Property-Casualty Insurers,6630,Kenya,Selestina Buncombe,Teacher,sbuncombegz@youku.com
Blogtag,technology,2688,Indonesia,Noell Cowitz,Account Executive,ncowitzh0@ebay.com
Livepath,technology,5113,Iran,Clem Lesley,Automation Specialist II,clesleyh1@home.pl
Dynazzy,Property-Casualty Insurers,9877,Bolivia,Salli Durie,Sales Representative,sdurieh2@mtv.com
Gigashots,Major Banks,6142,China,June Ell,Administrative Assistant III,jellh3@tiny.cc
Buzzshare,Commercial Banks,498,China,Kirsti Shimon,Legal Assistant,kshimonh4@dyndns.org
Twimm,Advertising,663,Peru,Zorah Kwiek,GIS Technical Architect,zkwiekh5@pinterest.com
Tanoodle,Industrial Machinery/Components,4245,Palestinian Territory,Ermin Measor,Internal Auditor,emeasorh6@rakuten.co.jp
Digitube,Major Pharmaceuticals,8321,Portugal,Amby Huxton,Product Engineer,ahuxtonh7@360.cn
Demimbu,Agricultural Chemicals,8869,South Africa,Torre Tousy,VP Product Management,ttousyh8@joomla.org
Twitterbridge,Industrial Machinery/Components,1202,Albania,Tybalt Abbott,Product Engineer,tabbotth9@virginia.edu
Skivee,Biotechnology: In Vitro & In Vivo Diagnostic Substances,3925,China,Avery Dingwall,Developer III,adingwallha@gmpg.org
Lazz,Medical/Dental Instruments,360,New Zealand,Blakelee Neilan,Director of Sales,bneilanhb@google.com.au
Babbleblab,Marine Transportation,7798,Mexico,Marilee Daily,Payment Adjustment Coordinator,mdailyhc@newsvine.com
Lazz,Electric Utilities: Central,957,Burkina Faso,Orran Bouskill,Nuclear Power Engineer,obouskillhd@discuz.net
Skinix,Farming/Seeds/Milling,8186,Indonesia,Westbrook Leghorn,Junior Executive,wleghornhe@163.com
Dablist,Farming/Seeds/Milling,694,Brazil,Ronny Barham,Financial Advisor,rbarhamhf@google.com.br
Flashset,technology,584,Russia,Ricca Letessier,Web Designer II,rletessierhg@sbwire.com
Jazzy,Major Pharmaceuticals,864,Philippines,Caleb Dyball,Account Coordinator,cdyballhh@cnbc.com
Eadel,technology,4626,Macedonia,Katti Dumpleton,Product Engineer,kdumpletonhi@answers.com
Leenti,technology,7341,France,Dianne Barriball,Payment Adjustment Coordinator,dbarriballhj@msu.edu
Fliptune,technology,5884,Ecuador,Darcy Algore,Financial Analyst,dalgorehk@imgur.com
Gabspot,Investment Bankers/Brokers/Service,5496,Indonesia,Fina Mattin,Web Developer III,fmattinhl@homestead.com
Talane,Property-Casualty Insurers,8782,China,Kippie McBoyle,Librarian,kmcboylehm@people.com.cn
Bluejam,technology,8774,Russia,Thain MacChaell,Human Resources Manager,tmacchaellhn@behance.net
Zoonder,technology,7864,Vietnam,Melisenda Lamblin,Account Executive,mlamblinho@prnewswire.com
Feedbug,Real Estate Investment Trusts,9041,Yemen,Annetta Solman,Operator,asolmanhp@wired.com
Cogibox,technology,8008,Russia,Park Coombe,Nurse,pcoombehq@craigslist.org
Voonyx,Industrial Machinery/Components,5536,El Salvador,Mercy Haseman,Quality Engineer,mhasemanhr@soundcloud.com
Twitterbeat,Broadcasting,2392,Spain,Zak Keen,Senior Financial Analyst,zkeenhs@ted.com
Linkbridge,technology,5786,Philippines,Bastien Haddon,Accountant II,bhaddonht@acquirethisname.com
Aimbu,Air Freight/Delivery Services,8519,Thailand,Percival Ayer,Assistant Professor,payerhu@narod.ru
Babbleopia,technology,7632,Philippines,Jack Bauer,Assistant Manager,jbauerhv@cyberchimps.com
Cogidoo,Medical Electronics,6072,Philippines,Hakim Dunkerk,Safety Technician I,hdunkerkhw@github.com
Photobean,Automotive Aftermarket,7834,Poland,Nikkie Hoff,Safety Technician IV,nhoffhx@businessinsider.com
Ozu,technology,2098,Indonesia,Emlyn Canniffe,Senior Sales Associate,ecanniffehy@hp.com
Aimbu,EDP Services,6635,Costa Rica,Andris Blanking,Internal Auditor,ablankinghz@cam.ac.uk
Skinder,Major Pharmaceuticals,1308,Russia,Ade Giacomello,Automation Specialist II,agiacomelloi0@cloudflare.com
Fatz,Industrial Machinery/Components,5544,Nigeria,Suzann Andreichik,Administrative Officer,sandreichiki1@redcross.org
Gabcube,Industrial Machinery/Components,353,Indonesia,Emmalee Beaves,Tax Accountant,ebeavesi2@technorati.com
Topdrive,Major Banks,5727,China,Josefa Tomblin,Environmental Specialist,jtomblini3@google.it
Eayo,Biotechnology: Biological Products (No Diagnostic Substances),4769,Bulgaria,My Eixenberger,Recruiter,meixenbergeri4@quantcast.com
Vinder,Apparel,6734,Ivory Coast,Amelina Scoyles,Senior Editor,ascoylesi5@surveymonkey.com
Thoughtmix,Business Services,9221,Equatorial Guinea,Uriah Huffy,Pharmacist,uhuffyi6@springer.com
Jabberbean,technology,4954,Poland,Samson Hammor,Mechanical Systems Engineer,shammori7@wisc.edu
Dynabox,technology,6405,Thailand,Erroll Eringey,Recruiter,eeringeyi8@pen.io
Wikizz,Banks,79,Mongolia,Adolf Farfalameev,Sales Representative,afarfalameevi9@imgur.com
Abata,Biotechnology: Biological Products (No Diagnostic Substances),4869,China,Wilhelm MacParlan,Analog Circuit Design manager,wmacparlania@goo.ne.jp
Quamba,Publishing,170,Colombia,Shawn Pinckney,VP Accounting,spinckneyib@w3.org
Twimbo,Apparel,710,Ghana,Mick Guthrum,Sales Associate,mguthrumic@usda.gov
Eadel,Real Estate Investment Trusts,5277,Russia,Elka Gowlett,Paralegal,egowlettid@quantcast.com
Blogtag,technology,475,Chad,Tilda Leamy,Database Administrator III,tleamyie@google.co.uk
Topicstorm,technology,3507,Russia,Staffard Venney,Financial Advisor,svenneyif@google.cn
Fivechat,Property-Casualty Insurers,3332,Sierra Leone,Jelene Cavalier,Nurse Practicioner,jcavalierig@1688.com
Dynabox,Clothing/Shoe/Accessory Stores,7407,China,Doretta Clampett,Electrical Engineer,dclampettih@sciencedirect.com
Tavu,Oil & Gas Production,1953,Indonesia,Donal Stanaway,Analog Circuit Design manager,dstanawayii@unicef.org
Pixonyx,Marine Transportation,7952,Peru,Michaela Morrall,Biostatistician II,mmorrallij@mapquest.com
Pixope,Property-Casualty Insurers,7279,Moldova,Brigitte Keaysell,Desktop Support Technician,bkeaysellik@home.pl
Snaptags,Real Estate Investment Trusts,2989,Portugal,Gabriela Dye,Senior Cost Accountant,gdyeil@economist.com
Realfire,technology,1679,Russia,Birgitta Kirsz,Marketing Assistant,bkirszim@telegraph.co.uk
Kaymbo,Ophthalmic Goods,7730,Philippines,Bobinette Mably,VP Product Management,bmablyin@sbwire.com
Gigashots,technology,4483,Greece,Eugenia Robertazzi,Civil Engineer,erobertazziio@myspace.com
Blognation,Oil & Gas Production,6775,China,Almira Sargeant,Pharmacist,asargeantip@mayoclinic.com
Jaxnation,Precious Metals,7257,Slovenia,Angelica Fromont,Graphic Designer,afromontiq@toplist.cz
Cogilith,Computer Software: Prepackaged Software,5523,Brazil,Shoshanna Frankowski,Automation Specialist III,sfrankowskiir@seattletimes.com
Meedoo,Shoe Manufacturing,8097,Indonesia,Gwenneth Sleit,Software Consultant,gsleitis@hc360.com
Oozz,Semiconductors,9975,China,Aimee Kleint,Nuclear Power Engineer,akleintit@webmd.com
Kwilith,Major Chemicals,5299,Vietnam,Roanna Murty,Information Systems Manager,rmurtyiu@soundcloud.com
Topiclounge,Business Services,1919,Czech Republic,Nanni Sollime,Research Associate,nsollimeiv@facebook.com
Youspan,Forest Products,5944,South Africa,Bevin MacDuffie,Research Assistant II,bmacduffieiw@dropbox.com
Edgeify,Oil Refining/Marketing,4274,Poland,Ingrid Fearnehough,Programmer Analyst I,ifearnehoughix@sun.com
Feednation,Major Pharmaceuticals,1506,Indonesia,Delly Keig,Research Associate,dkeigiy@adobe.com
Skalith,Computer Software: Prepackaged Software,5823,Canada,Jena Shergold,Professor,jshergoldiz@reverbnation.com
Jabbersphere,Savings Institutions,7296,Malta,Rodge McGannon,Developer IV,rmcgannonj0@statcounter.com
Zoombeat,Homebuilding,8535,Indonesia,Blanca Headey,Engineer IV,bheadeyj1@surveymonkey.com
Meetz,Broadcasting,9127,Estonia,Kile Drance,Graphic Designer,kdrancej2@desdev.cn
Realbridge,technology,5598,Iraq,Arri MacGorman,Automation Specialist IV,amacgormanj3@artisteer.com
Dabfeed,Natural Gas Distribution,4499,Argentina,Darwin Hasson,Director of Sales,dhassonj4@about.me
Rhynoodle,technology,3512,Japan,Roberto Randerson,Social Worker,rrandersonj5@accuweather.com
Oyoyo,Medical/Dental Instruments,1588,Lithuania,Granville Atmore,Accounting Assistant I,gatmorej6@hubpages.com
Eabox,Major Banks,2888,Saudi Arabia,Ephraim Conlon,Staff Scientist,econlonj7@oaic.gov.au
Rhyzio,technology,5008,Indonesia,Garrard Rosevear,Assistant Professor,grosevearj8@ftc.gov
Demivee,Real Estate Investment Trusts,9849,Indonesia,Xerxes Guerrazzi,Chief Design Engineer,xguerrazzij9@soundcloud.com
Eabox,Business Services,3785,Norway,Sumner Steptow,Statistician II,ssteptowja@phpbb.com
Bubbletube,Computer Manufacturing,9866,Peru,Guinevere Doughton,Desktop Support Technician,gdoughtonjb@comsenz.com
Buzzster,Home Furnishings,5596,Ghana,Sophronia Sowthcote,Cost Accountant,ssowthcotejc@buzzfeed.com
Skivee,Major Pharmaceuticals,2861,Ireland,Law Atyea,Senior Cost Accountant,latyeajd@spotify.com
Dabshots,technology,3268,Bulgaria,Enriqueta Daoust,Senior Quality Engineer,edaoustje@simplemachines.org
Thoughtbeat,Biotechnology: Commercial Physical & Biological Resarch,6695,Serbia,Corry Dwire,Electrical Engineer,cdwirejf@wp.com
Oyonder,Major Pharmaceuticals,5714,China,Dulcine Matyugin,Quality Engineer,dmatyuginjg@ucsd.edu
Browsebug,Property-Casualty Insurers,3501,Kosovo,Maddi Jaffray,Computer Systems Analyst III,mjaffrayjh@webnode.com
Edgewire,Computer Communications Equipment,1004,Indonesia,Engracia Casoni,Senior Editor,ecasoniji@tamu.edu
Npath,technology,5752,Brazil,Julienne Walford,Software Consultant,jwalfordjj@skyrock.com
Pixonyx,technology,5002,Thailand,Ric Foulkes,Compensation Analyst,rfoulkesjk@oaic.gov.au
Wikido,technology,439,Ecuador,Whittaker Blaasch,Research Associate,wblaaschjl@godaddy.com
Bluejam,Property-Casualty Insurers,4467,Iceland,Murry Wisedale,Legal Assistant,mwisedalejm@github.io
Skinix,EDP Services,1564,China,Iago Lahive,Help Desk Operator,ilahivejn@nymag.com
Topdrive,Beverages (Production/Distribution),6111,China,Beverlee Portugal,VP Quality Control,bportugaljo@mlb.com
Photofeed,technology,9282,Ethiopia,Gordie Sizeland,Assistant Manager,gsizelandjp@disqus.com
Kazio,Major Pharmaceuticals,1068,China,Petronilla Murton,Automation Specialist IV,pmurtonjq@bizjournals.com
Meeveo,Investment Managers,5196,Poland,Teddy Cranmere,Design Engineer,tcranmerejr@seesaa.net
Plambee,Telecommunications Equipment,4425,Indonesia,Perceval Reisk,Senior Quality Engineer,preiskjs@usa.gov
Oyoba,technology,6129,Sweden,Codi Ferreiro,Project Manager,cferreirojt@walmart.com
Feedmix,Major Pharmaceuticals,1541,Sweden,Torey Sparwell,Legal Assistant,tsparwellju@yolasite.com
Oba,Hospital/Nursing Management,1878,Guatemala,Allina Resun,Staff Scientist,aresunjv@redcross.org
Livepath,Trucking Freight/Courier Services,5057,Colombia,Tiffi Slowgrove,Assistant Professor,tslowgrovejw@msu.edu
Ntag,technology,3404,Sweden,Curtice Godlonton,Account Coordinator,cgodlontonjx@loc.gov
Skivee,Marine Transportation,7529,Japan,Arther Kornas,Pharmacist,akornasjy@slate.com
Rooxo,"Computer Software: Programming, Data Processing",2829,Indonesia,Griswold Sangra,Desktop Support Technician,gsangrajz@elegantthemes.com
Quatz,Oil & Gas Production,7084,Japan,Garey Callum,Senior Sales Associate,gcallumk0@tamu.edu
Camimbo,Television Services,3075,Bolivia,Frank Wearn,Technical Writer,fwearnk1@omniture.com
Skimia,Engineering & Construction,1981,Honduras,Hamnet Airey,Director of Sales,haireyk2@360.cn
Mydeo,technology,4597,United States,Basilius Makin,Dental Hygienist,bmakink3@latimes.com
Fivechat,Restaurants,5972,Portugal,Sigismond Sturt,Product Engineer,ssturtk4@mediafire.com
Cogilith,Real Estate Investment Trusts,1120,China,Kellina O'Beirne,Editor,kobeirnek5@dailymail.co.uk
Linkbuzz,technology,5880,Thailand,Chandler Lamberti,Electrical Engineer,clambertik6@uiuc.edu
Meemm,technology,4070,Venezuela,Guthrie Dunsford,Marketing Assistant,gdunsfordk7@abc.net.au
Flashset,Business Services,6325,Poland,Winne Cullingford,Speech Pathologist,wcullingfordk8@blogtalkradio.com
Feedbug,Industrial Machinery/Components,7671,Chile,Dennison Bottoms,Administrative Assistant I,dbottomsk9@cyberchimps.com
Oyondu,technology,4429,Panama,Libbie Kenrack,Engineer III,lkenrackka@bbc.co.uk
Wikivu,technology,9444,Tunisia,Anna-diana Reichartz,Geologist III,areichartzkb@freewebs.com
Midel,Steel/Iron Ore,1030,China,Lelah MacClay,Engineer I,lmacclaykc@thetimes.co.uk
Gigazoom,technology,380,Ireland,Antonia Seeney,Civil Engineer,aseeneykd@census.gov
Realcube,Recreational Products/Toys,8223,Vietnam,Kristoforo Lodovichi,Quality Control Specialist,klodovichike@photobucket.com
Oodoo,Natural Gas Distribution,1305,China,Melessa Todaro,Design Engineer,mtodarokf@multiply.com
Riffpath,Real Estate Investment Trusts,5545,Albania,Amos Chese,Financial Analyst,achesekg@tuttocitta.it
Roodel,EDP Services,8785,France,Adara Yglesia,Dental Hygienist,ayglesiakh@lulu.com
BlogXS,Computer Software: Prepackaged Software,6100,Russia,Rora Bradneck,Nuclear Power Engineer,rbradneckki@furl.net
Dynabox,Packaged Foods,127,China,Katerina Donoghue,Media Manager IV,kdonoghuekj@amazonaws.com
Feedfire,technology,8126,China,Magdalene Bettenson,Media Manager III,mbettensonkk@t.co
Twiyo,Major Chemicals,3568,Yemen,Edwin Inglesent,Account Representative I,einglesentkl@google.cn
Buzzshare,technology,156,China,Fitzgerald Boutflour,Systems Administrator IV,fboutflourkm@vimeo.com
Divape,Biotechnology: Electromedical & Electrotherapeutic Apparatus,9455,China,Kennett Wanley,Biostatistician IV,kwanleykn@istockphoto.com
Eazzy,technology,8564,Indonesia,Muffin Itzchaki,Office Assistant I,mitzchakiko@craigslist.org
Tazz,Real Estate Investment Trusts,3994,Tanzania,Erhard Rozenbaum,Office Assistant II,erozenbaumkp@facebook.com
Bubbletube,Biotechnology: Biological Products (No Diagnostic Substances),5845,France,Karry Haggith,Dental Hygienist,khaggithkq@hc360.com
Devify,technology,2284,Czech Republic,Yankee Trustrie,Developer II,ytrustriekr@telegraph.co.uk
Babbleset,technology,550,Japan,Claudetta Gradly,GIS Technical Architect,cgradlyks@bigcartel.com
Edgepulse,Recreational Products/Toys,6836,China,Winnie McCord,Desktop Support Technician,wmccordkt@dell.com
Bubblemix,technology,5023,United States,Hewe Esmonde,Web Designer II,hesmondeku@forbes.com
Thoughtstorm,Major Pharmaceuticals,973,Austria,Becky Souness,Analyst Programmer,bsounesskv@ow.ly
Riffpath,Telecommunications Equipment,854,Argentina,Christy Kelway,Geological Engineer,ckelwaykw@hud.gov
Thoughtbridge,Electrical Products,3668,Colombia,Kessia Waldie,Legal Assistant,kwaldiekx@loc.gov
Innojam,Clothing/Shoe/Accessory Stores,7737,Guinea-Bissau,Algernon Joseph,Registered Nurse,ajosephky@whitehouse.gov
Topdrive,Consumer Electronics/Appliances,6573,Russia,Chicky Rivilis,Occupational Therapist,criviliskz@tripadvisor.com
Miboo,Industrial Machinery/Components,2480,Burundi,Essie Kitchinham,Dental Hygienist,ekitchinhaml0@parallels.com
Rhynyx,Steel/Iron Ore,9655,China,Stacey Cattach,Junior Executive,scattachl1@shinystat.com
Realcube,technology,8998,Ethiopia,Lil Tiner,Budget/Accounting Analyst II,ltinerl2@icio.us
Riffwire,technology,1099,Philippines,Devlen Wyatt,Developer IV,dwyattl3@reddit.com
Jayo,Finance: Consumer Services,4016,Laos,Noll Giorgini,Sales Associate,ngiorginil4@yale.edu
Oyope,technology,7323,Norway,Andromache Prester,Teacher,apresterl5@yandex.ru
Jabbersphere,Other Specialty Stores,553,Brazil,Darla Leefe,VP Marketing,dleefel6@yellowbook.com
Roombo,Computer Software: Prepackaged Software,1213,China,Chester Gabotti,Payment Adjustment Coordinator,cgabottil7@myspace.com
Babbleopia,Electric Utilities: Central,2198,Norway,Darrell Mottram,Analog Circuit Design manager,dmottraml8@uiuc.edu
Mymm,Business Services,9082,Vietnam,Dougy Dietmar,Structural Analysis Engineer,ddietmarl9@reddit.com
Mynte,Computer peripheral equipment,1327,Malaysia,Mauricio Leyzell,Desktop Support Technician,mleyzellla@furl.net
Latz,Multi-Sector Companies,1250,Indonesia,Leann Stodit,Administrative Assistant III,lstoditlb@wikispaces.com
Wikibox,Restaurants,7760,Sweden,Antonius Theobold,Environmental Specialist,atheoboldlc@naver.com
Topiczoom,Hospital/Nursing Management,4408,Kenya,Odella Jeske,Nurse Practicioner,ojeskeld@independent.co.uk
Tagopia,EDP Services,6750,France,Batholomew Toombes,Social Worker,btoombesle@hugedomains.com
Eire,technology,1339,Poland,Franny Haselhurst,Research Nurse,fhaselhurstlf@google.ca
Divanoodle,Metal Fabrications,8103,Ukraine,Fletcher Bliben,Accountant III,fblibenlg@yolasite.com
Innojam,Telecommunications Equipment,6156,Bolivia,Julie Hollyer,Analyst Programmer,jhollyerlh@netscape.com
Trudeo,Business Services,8743,Greece,Leanor Mauro,Professor,lmauroli@google.es
Tagcat,Real Estate Investment Trusts,4497,Portugal,Irina Castagnier,Community Outreach Specialist,icastagnierlj@blog.com
Twinder,Major Chemicals,3934,China,Jewelle Asals,Quality Control Specialist,jasalslk@ucoz.com
Agimba,Major Pharmaceuticals,8245,China,Dolley Greschik,Office Assistant IV,dgreschikll@umich.edu
Linkbridge,Other Consumer Services,9430,China,Vyky Mussared,Financial Analyst,vmussaredlm@moonfruit.com
Aivee,Other Consumer Services,7913,China,Caresa Wackett,Associate Professor,cwackettln@odnoklassniki.ru
Twinte,Real Estate Investment Trusts,5243,Malta,Wylie Patise,Teacher,wpatiselo@google.ca
Skynoodle,Packaged Foods,4137,Philippines,Massimo Skpsey,Senior Quality Engineer,mskpseylp@shutterfly.com
Shufflebeat,Biotechnology: Laboratory Analytical Instruments,1721,Russia,Kristine Mourant,Cost Accountant,kmourantlq@google.nl
Buzzdog,Real Estate Investment Trusts,6626,Moldova,Bobbi Davidescu,Accounting Assistant I,bdavidesculr@amazon.co.jp
Jayo,Semiconductors,1720,China,Alyson Tock,Compensation Analyst,atockls@pinterest.com
Youbridge,Industrial Machinery/Components,1681,Russia,Denys Jobling,Actuary,djoblinglt@slashdot.org
Realmix,Electric Utilities: Central,3414,Sweden,Devinne Heeran,Assistant Manager,dheeranlu@foxnews.com
Edgetag,Commercial Banks,1498,Bangladesh,Kelsy Caldes,Safety Technician III,kcaldeslv@ycombinator.com
Jabbercube,technology,1751,Philippines,Martina McIlenna,Business Systems Development Analyst,mmcilennalw@indiatimes.com
Jabberstorm,technology,4420,Croatia,Yancy Snaith,Quality Control Specialist,ysnaithlx@histats.com
Photobean,Biotechnology: Electromedical & Electrotherapeutic Apparatus,922,Finland,Annetta Jemmett,Marketing Manager,ajemmettly@shutterfly.com
Yakijo,Oilfield Services/Equipment,8385,Sweden,Evangelia Duckitt,Assistant Professor,educkittlz@nydailynews.com
Twitterlist,Medical Specialities,5141,China,Ray Petts,Biostatistician I,rpettsm0@histats.com
Oyondu,Oil & Gas Production,2501,Tunisia,Julissa Coners,Project Manager,jconersm1@google.pl
Chatterpoint,technology,4007,Sri Lanka,Galven Klaes,VP Accounting,gklaesm2@tiny.cc
Fliptune,Major Pharmaceuticals,5221,Angola,Melesa Gresswood,Actuary,mgresswoodm3@msu.edu
Zoombox,Biotechnology: Biological Products (No Diagnostic Substances),5787,France,Evin MacAnespie,Graphic Designer,emacanespiem4@cbc.ca
Leenti,Property-Casualty Insurers,8989,China,Alethea De Hoogh,Financial Advisor,adem5@lycos.com
Feednation,Agricultural Chemicals,1847,Mayotte,Judas Sieb,Marketing Assistant,jsiebm6@bbc.co.uk
Roomm,Electric Utilities: Central,5718,China,Rayner Touzey,Recruiter,rtouzeym7@google.es
Tazzy,technology,8334,Peru,Rube Norster,Statistician II,rnorsterm8@hibu.com
Tekfly,Finance Companies,3545,Ukraine,Guglielma Ding,Office Assistant IV,gdingm9@blogs.com
Gigaclub,Television Services,5585,Portugal,Kristyn Healy,Senior Financial Analyst,khealyma@naver.com
Yozio,Natural Gas Distribution,6258,China,Anallese Quin,Computer Systems Analyst II,aquinmb@sina.com.cn
Realfire,Metal Fabrications,7816,Philippines,Stinky Hizir,Associate Professor,shizirmc@discuz.net
Geba,technology,9045,Denmark,Myranda Bedle,Administrative Assistant III,mbedlemd@miibeian.gov.cn
Thoughtstorm,technology,6243,Russia,Audrey Ovill,Research Nurse,aovillme@gnu.org
Devbug,technology,602,Iran,Tristam Wrixon,Senior Sales Associate,twrixonmf@ow.ly
Flashpoint,Television Services,6730,United States,Bibbye O' Dornan,Software Consultant,bomg@elpais.com
Gabspot,"Computer Software: Programming, Data Processing",7896,Ireland,Leroi Realff,Recruiting Manager,lrealffmh@dailymail.co.uk
Zoomdog,Biotechnology: Biological Products (No Diagnostic Substances),4033,Madagascar,Kore Gajewski,Analog Circuit Design manager,kgajewskimi@mail.ru
Thoughtsphere,Catalog/Specialty Distribution,7473,Russia,Merwyn Pool,Operator,mpoolmj@flavors.me
Fliptune,Real Estate,3243,Peru,Tarrah Antonescu,Editor,tantonescumk@etsy.com
Centizu,Major Pharmaceuticals,6536,United States,Chane MacLise,Help Desk Operator,cmacliseml@homestead.com
Teklist,Real Estate Investment Trusts,6186,Portugal,Abbott Addie,VP Quality Control,aaddiemm@psu.edu
Jaxnation,Hospital/Nursing Management,6703,France,Wilbert Haxley,Accountant II,whaxleymn@topsy.com
Jetwire,Major Pharmaceuticals,6658,China,Nettle Cottier,Analog Circuit Design manager,ncottiermo@amazon.co.jp
Flipopia,Professional Services,6733,Honduras,Conney Saby,Librarian,csabymp@twitter.com
Browseblab,technology,6395,Brazil,Hervey Stitle,Pharmacist,hstitlemq@wisc.edu
Jabbertype,Marine Transportation,6895,France,Lora Wakes,Analyst Programmer,lwakesmr@cpanel.net
Npath,Semiconductors,9439,Bosnia and Herzegovina,Hernando Melesk,Director of Sales,hmeleskms@stanford.edu
Brightbean,technology,7994,Papua New Guinea,Cesya Guilloud,Computer Systems Analyst I,cguilloudmt@dailymotion.com
Abatz,Real Estate Investment Trusts,6452,Poland,Natalee MacDermid,Human Resources Manager,nmacdermidmu@go.com
Digitube,Business Services,4464,Portugal,Mart Hagley,Financial Analyst,mhagleymv@ucsd.edu
Quatz,Real Estate Investment Trusts,1149,Brazil,Wally Lynam,Automation Specialist III,wlynammw@hexun.com
Yabox,Major Pharmaceuticals,7543,Italy,Werner Corbally,Recruiter,wcorballymx@cornell.edu
Layo,Property-Casualty Insurers,2906,Myanmar,Camila Brims,Editor,cbrimsmy@ebay.com
Blogpad,Oil & Gas Production,8143,Indonesia,Boot Helkin,VP Accounting,bhelkinmz@state.gov
Zoozzy,technology,3061,Honduras,Caril Crocumbe,Account Coordinator,ccrocumben0@time.com
Photobug,Property-Casualty Insurers,2712,China,Hailey Kernar,Web Developer II,hkernarn1@netlog.com
Jabbercube,Plastic Products,6417,Aland Islands,Dona Bamlett,VP Sales,dbamlettn2@drupal.org
Yozio,Biotechnology: Biological Products (No Diagnostic Substances),6991,Indonesia,Douglass Cahillane,Accountant III,dcahillanen3@1688.com
Divanoodle,Commercial Banks,7994,Indonesia,Bette-ann Kluss,Occupational Therapist,bklussn4@senate.gov
Vitz,technology,2159,Japan,Glennie Creasey,Design Engineer,gcreaseyn5@linkedin.com
Jazzy,Major Pharmaceuticals,9934,China,Augustin Wyss,VP Quality Control,awyssn6@psu.edu
Jayo,Biotechnology: Biological Products (No Diagnostic Substances),3645,China,Elysha D'Ruel,Sales Representative,edrueln7@qq.com
Thoughtmix,Farming/Seeds/Milling,1657,Indonesia,Sofie Bumpas,Administrative Officer,sbumpasn8@liveinternet.ru
Latz,technology,187,China,Arman Cleyburn,Environmental Specialist,acleyburnn9@csmonitor.com
Topdrive,Industrial Machinery/Components,8148,China,Chaunce Wainer,Recruiting Manager,cwainerna@webs.com
Jabbertype,technology,4506,Sweden,Gonzalo Caesmans,Senior Cost Accountant,gcaesmansnb@usatoday.com
Trilia,technology,4915,China,Brett Graith,Automation Specialist I,bgraithnc@samsung.com
Chatterpoint,Constructiotechnologyg Equipment/Trucks,9108,China,Rich Seifert,Statistician III,rseifertnd@t-online.de
Pixoboo,Auto Parts:O.E.M.,6109,Russia,Howie Margett,Environmental Specialist,hmargettne@soundcloud.com
Dabtype,Computer Software: Prepackaged Software,7382,Morocco,Helenelizabeth Spooner,Structural Analysis Engineer,hspoonernf@huffingtonpost.com
Skinte,Consumer Specialties,9560,France,Ashly Pigdon,Administrative Assistant IV,apigdonng@icq.com
Oyoyo,Biotechnology: Commercial Physical & Biological Resarch,9233,Philippines,Nevins Durrant,Media Manager III,ndurrantnh@prnewswire.com
Mycat,Finance: Consumer Services,9099,Mongolia,Linn Pesselt,Marketing Manager,lpesseltni@addtoany.com
Browsebug,technology,7208,Costa Rica,Ammamaria Guyan,Media Manager IV,aguyannj@skype.com
Izio,Industrial Machinery/Components,9112,Kazakhstan,Shannon McGookin,Occupational Therapist,smcgookinnk@tripadvisor.com
Jamia,Industrial Machinery/Components,9443,Indonesia,Minetta Romushkin,Systems Administrator II,mromushkinnl@huffingtonpost.com
Centimia,technology,8805,Russia,Wallie Gurnett,Senior Sales Associate,wgurnettnm@google.co.uk
Buzzdog,Oil & Gas Production,2889,China,Kip Perrycost,Pharmacist,kperrycostnn@ocn.ne.jp
Bubblemix,Other Specialty Stores,3893,Mexico,Otha Scapelhorn,Chief Design Engineer,oscapelhornno@theguardian.com
Yata,Oil Refining/Marketing,2270,Poland,Risa Whiskerd,Project Manager,rwhiskerdnp@sciencedaily.com
Wordpedia,technology,7096,China,Ardyth Broadberry,Chief Design Engineer,abroadberrynq@blogtalkradio.com
Pixoboo,Forest Products,2720,Tunisia,Ulrike Sainsbury-Brown,Actuary,usainsburybrownnr@shop-pro.jp
Eazzy,Steel/Iron Ore,2233,Indonesia,Stefano Dosdell,Software Consultant,sdosdellns@mapquest.com
Pixope,Investment Bankers/Brokers/Service,7116,China,Zabrina Greenshields,Health Coach IV,zgreenshieldsnt@privacy.gov.au
Yambee,EDP Services,5244,El Salvador,Ketty Almon,Dental Hygienist,kalmonnu@csmonitor.com
Dynava,Specialty Chemicals,6776,Czech Republic,Pepito Renforth,Programmer II,prenforthnv@sina.com.cn
Roodel,Biotechnology: Biological Products (No Diagnostic Substances),9163,China,Aldwin Lushey,Senior Developer,alusheynw@noaa.gov
Oba,Electrical Products,2511,Sweden,Jacinda Anersen,Office Assistant I,janersennx@springer.com
Skimia,Natural Gas Distribution,2747,Netherlands,Emmie Gallant,Mechanical Systems Engineer,egallantny@boston.com
Dazzlesphere,technology,5354,China,Darice Aloway,Biostatistician I,dalowaynz@amazon.com
Demivee,technology,5835,Indonesia,Mickie Andrichak,Product Engineer,mandrichako0@reference.com
Divavu,Telecommunications Equipment,489,China,Clim Ladbrook,Civil Engineer,cladbrooko1@godaddy.com
Gigashots,Department/Specialty Retail Stores,73,Poland,Leena Caldron,Accounting Assistant III,lcaldrono2@ucla.edu
LiveZ,Major Banks,9557,China,Lenci Dobbs,Quality Control Specialist,ldobbso3@netlog.com
Wordtune,Telecommunications Equipment,9525,Brazil,Ali Dibner,Cost Accountant,adibnero4@sciencedaily.com
Fanoodle,Automotive Aftermarket,171,Armenia,Sergent Gibbard,Desktop Support Technician,sgibbardo5@skyrock.com
Skipfire,Restaurants,1137,Poland,Saunders Cuttin,Senior Financial Analyst,scuttino6@mediafire.com
Gabtype,Electric Utilities: Central,3272,Indonesia,Milka McFadden,Office Assistant IV,mmcfaddeno7@freewebs.com
Topicblab,Containers/Packaging,5788,South Korea,Josefa Tittershill,Professor,jtittershillo8@psu.edu
Tagcat,Diversified Electronic Products,1743,Brazil,Donny Yoakley,Professor,dyoakleyo9@is.gd
Buzzster,Real Estate Investment Trusts,6323,China,Cesar O'Luney,Environmental Specialist,coluneyoa@godaddy.com
Yambee,Major Pharmaceuticals,4486,Tanzania,Katrinka Belfit,Assistant Professor,kbelfitob@archive.org
Devshare,Major Pharmaceuticals,8314,France,Silvan Daleman,Engineer III,sdalemanoc@timesonline.co.uk
Realcube,Industrial Machinery/Components,4840,Madagascar,Murvyn Tabrett,Recruiting Manager,mtabrettod@prlog.org
Youfeed,Oil & Gas Production,3453,China,Leonardo Fassbender,Associate Professor,lfassbenderoe@umn.edu
Meeveo,Home Furnishings,2416,Argentina,Ynes Rathbourne,Speech Pathologist,yrathbourneof@homestead.com
Blogtags,Textiles,9131,Mexico,Cynthea Wherton,Associate Professor,cwhertonog@opensource.org
Jabbercube,Auto Manufacturing,3417,Brazil,Perkin Connow,Sales Representative,pconnowoh@go.com
Edgeclub,Business Services,7116,Peru,Ajay Georgeon,Senior Financial Analyst,ageorgeonoi@vkontakte.ru
Devbug,technology,5655,Russia,Delainey Tregien,Nuclear Power Engineer,dtregienoj@reverbnation.com
Meetz,Business Services,4697,Indonesia,Millicent Sichardt,Actuary,msichardtok@senate.gov
Jayo,technology,902,China,Shirleen MacQuist,Accountant III,smacquistol@psu.edu
Riffpath,EDP Services,7668,Sweden,Theda Birtles,Recruiting Manager,tbirtlesom@storify.com
Zava,Publishing,1355,China,Tatiana Fulloway,Mechanical Systems Engineer,tfullowayon@gmpg.org
Skibox,Industrial Machinery/Components,9649,Venezuela,Celestyna Brownett,Health Coach I,cbrownettoo@china.com.cn
Youspan,Savings Institutions,8889,Philippines,Karlan Cowmeadow,Nurse Practicioner,kcowmeadowop@springer.com
Devshare,technology,3305,China,Roshelle Alesbrook,Analyst Programmer,ralesbrookoq@chicagotribune.com
Meejo,technology,2976,Indonesia,Georgianna Cicconettii,Internal Auditor,gcicconettiior@booking.com
Meemm,technology,392,Malaysia,Antonetta Binden,Sales Representative,abindenos@timesonline.co.uk
Devpoint,Railroads,8206,Indonesia,Cris Upfold,Product Engineer,cupfoldot@jimdo.com
Skipfire,technology,8706,Sweden,Berny Lightwing,Analog Circuit Design manager,blightwingou@sfgate.com
Thoughtbridge,Real Estate Investment Trusts,4857,Philippines,Donall Skewes,Account Coordinator,dskewesov@amazonaws.com
Divavu,technology,5606,Philippines,Lettie Jurca,Environmental Tech,ljurcaow@seattletimes.com
Quamba,Major Banks,4191,Vietnam,Denys McMillan,Software Consultant,dmcmillanox@toplist.cz
Npath,Meat/Poultry/Fish,9425,Brazil,Ingar Norsworthy,Database Administrator IV,inorsworthyoy@ibm.com
Zoomzone,Biotechnology: Biological Products (No Diagnostic Substances),3249,Algeria,Stephanus Nason,Senior Financial Analyst,snasonoz@bravesites.com
Aimbo,Major Pharmaceuticals,1793,Philippines,Germaine Cogswell,Web Developer II,gcogswellp0@youtube.com
Skibox,technology,3599,China,Sula Hacker,Cost Accountant,shackerp1@pinterest.com
Realcube,Restaurants,7373,Netherlands,Ber Chason,Engineer IV,bchasonp2@about.com
Kwilith,Computer Software: Prepackaged Software,3239,Russia,Vinni Martinovsky,Assistant Manager,vmartinovskyp3@jugem.jp
Zava,Industrial Machinery/Components,2739,China,Carlin Klimpt,Administrative Officer,cklimptp4@nature.com
Linkbuzz,Hospital/Nursing Management,6540,China,Shawna Stading,Graphic Designer,sstadingp5@ifeng.com
Youopia,technology,6248,China,Rosemary Poser,Dental Hygienist,rposerp6@foxnews.com
Avamba,technology,7884,Indonesia,Nevins Heugh,Software Test Engineer II,nheughp7@redcross.org
Wordtune,Computer Software: Prepackaged Software,6911,Albania,Emlynn Quiddihy,VP Marketing,equiddihyp8@google.pl
Rooxo,technology,6259,Poland,Kittie Corde,Desktop Support Technician,kcordep9@vkontakte.ru
Livepath,Homebuilding,9800,Brazil,Fran Rudyard,Recruiting Manager,frudyardpa@amazon.co.jp
Flashdog,Oil Refining/Marketing,7410,Spain,Billy Barnsley,Account Coordinator,bbarnsleypb@howstuffworks.com
Wikivu,Marine Transportation,9403,China,Aurelea Anglin,Staff Accountant I,aanglinpc@gmpg.org
Realblab,Military/Government/Technical,3874,Russia,Lilah Ellissen,Marketing Manager,lellissenpd@free.fr
Dynabox,Industrial Machinery/Components,2636,Poland,Jourdan Maps,Senior Cost Accountant,jmapspe@google.de
Kwilith,"Computer Software: Programming, Data Processing",9304,China,Min Jachimczak,Research Nurse,mjachimczakpf@marketwatch.com
Oloo,Investment Managers,1101,China,Sky Mariette,Project Manager,smariettepg@ihg.com
Tekfly,Automotive Aftermarket,8479,Peru,Sib Allchorn,Electrical Engineer,sallchornph@clickbank.net
Lajo,Homebuilding,9111,Namibia,Darleen Schruyers,Food Chemist,dschruyerspi@cornell.edu
Kwimbee,Real Estate Investment Trusts,3625,France,Marris Foxen,Health Coach IV,mfoxenpj@google.ru
Babblestorm,technology,7857,South Korea,Caron Guess,Dental Hygienist,cguesspk@google.ca
Skibox,technology,1783,Czech Republic,Simonne Beckett,Desktop Support Technician,sbeckettpl@ca.gov
Thoughtsphere,Beverages (Production/Distribution),6596,Vietnam,Chaddie Brignall,Programmer III,cbrignallpm@bloglovin.com
Photospace,Computer Software: Prepackaged Software,2153,Sweden,Prue Stanfield,Senior Quality Engineer,pstanfieldpn@mashable.com
Thoughtstorm,Computer Software: Prepackaged Software,6964,Russia,Maryanne Andryushchenko,Environmental Tech,mandryushchenkopo@live.com
Brainverse,Business Services,4114,Afghanistan,Gloriane Simmings,Biostatistician III,gsimmingspp@tinyurl.com
Wikizz,Commercial Banks,4762,Philippines,Godwin Speares,Senior Cost Accountant,gspearespq@elpais.com
Pixoboo,Retail: Computer Software & Peripheral Equipment,2533,France,Prudence Jacobowitz,Senior Developer,pjacobowitzpr@eventbrite.com
Youspan,Major Pharmaceuticals,3864,Antigua and Barbuda,Karina Tredinnick,Assistant Media Planner,ktredinnickps@storify.com
Gigashots,Oil & Gas Production,6837,Nigeria,Farra Heale,Design Engineer,fhealept@mail.ru
Riffwire,Computer Software: Prepackaged Software,5644,Brazil,Mort Melsome,Compensation Analyst,mmelsomepu@hatena.ne.jp
Thoughtstorm,RETAIL: Building Materials,1816,Yemen,Alexi Enbury,Legal Assistant,aenburypv@soup.io
Skynoodle,Plastic Products,6975,China,Glen O'Kerin,Civil Engineer,gokerinpw@timesonline.co.uk
Brainbox,technology,881,Poland,Valera Carmody,Environmental Specialist,vcarmodypx@wikia.com
Ailane,Major Banks,7056,France,Wilbert Spavins,Geologist II,wspavinspy@omniture.com
Browsetype,Marine Transportation,5075,Dominica,Pierette Russam,Operator,prussampz@upenn.edu
Cogidoo,technology,3010,China,Josee Sommer,Clinical Specialist,jsommerq0@mapquest.com
Wikido,Property-Casualty Insurers,196,Uzbekistan,Keefe Gwilliams,Sales Representative,kgwilliamsq1@fema.gov
Fivespan,Homebuilding,3269,Brazil,Woodman Jobey,Executive Secretary,wjobeyq2@woothemes.com
Jaxspan,Medical/Dental Instruments,5041,Ukraine,Phyllis Probey,Administrative Officer,pprobeyq3@bravesites.com
Devshare,Major Banks,4389,Philippines,Aharon Espinazo,Research Nurse,aespinazoq4@intel.com
Lazzy,Property-Casualty Insurers,4852,Germany,Bayard Tipens,Environmental Tech,btipensq5@bizjournals.com
Oyoyo,Broadcasting,7955,Albania,Barn Reyne,Analyst Programmer,breyneq6@sogou.com
Shufflester,Computer Software: Prepackaged Software,6310,Venezuela,Calhoun Leverington,Business Systems Development Analyst,cleveringtonq7@webs.com
Thoughtmix,Homebuilding,5645,Ukraine,Cora Houson,Financial Analyst,chousonq8@mozilla.com
Gabspot,Major Banks,1755,China,Berni Guerrin,Quality Engineer,bguerrinq9@huffingtonpost.com
Zooxo,Finance: Consumer Services,489,Russia,Neil Knappen,Financial Analyst,nknappenqa@toplist.cz
Flipbug,Environmental Services,9282,Poland,Ermanno Beel,Registered Nurse,ebeelqb@amazon.co.jp
Skiptube,Life Insurance,3684,Spain,Peta Maplethorp,Nurse Practicioner,pmaplethorpqc@buzzfeed.com
Viva,Catalog/Specialty Distribution,8207,Poland,Daria Donegan,Clinical Specialist,ddoneganqd@theglobeandmail.com
Eimbee,Natural Gas Distribution,1168,Pakistan,Rob Woolam,Research Associate,rwoolamqe@surveymonkey.com
Nlounge,Retail: Computer Software & Peripheral Equipment,4286,Latvia,Barnabas Beaman,Account Representative III,bbeamanqf@google.co.uk
Leexo,Commercial Banks,2547,Greece,Jonathon Phant,Food Chemist,jphantqg@admin.ch
Dynabox,Precious Metals,8791,Ethiopia,Meaghan Fallanche,Assistant Professor,mfallancheqh@amazon.co.jp
Yakidoo,Real Estate Investment Trusts,1669,Brazil,Kitti Chantrell,Help Desk Technician,kchantrellqi@1688.com
Quaxo,"Computer Software: Programming, Data Processing",3479,Syria,Chalmers Deverose,Statistician III,cdeveroseqj@berkeley.edu
Flashset,Restaurants,196,China,Mame Gother,Senior Editor,mgotherqk@newsvine.com
Trilith,Television Services,7185,United States,Jasmina Vedekhin,Data Coordinator,jvedekhinql@simplemachines.org
Photobean,Paints/Coatings,9296,Nigeria,Seline Alenichicov,Financial Analyst,salenichicovqm@free.fr
Mynte,Real Estate Investment Trusts,1894,Nigeria,Adria Liversedge,Account Representative II,aliversedgeqn@tinypic.com
Nlounge,Major Pharmaceuticals,8227,Indonesia,Tabor Marwick,Internal Auditor,tmarwickqo@constantcontact.com
Jabbercube,Building Materials,3284,Chad,Micheil Dallicott,Speech Pathologist,mdallicottqp@latimes.com
Chatterpoint,technology,6740,China,Allix Curman,Financial Analyst,acurmanqq@youtube.com
Rhyzio,technology,6582,China,Gwyneth Shortin,Design Engineer,gshortinqr@noaa.gov
Rhyloo,Oil & Gas Production,8349,China,Rosaline Attewill,Administrative Officer,rattewillqs@vistaprint.com
Flashpoint,Electronic Components,9408,Senegal,Anabella Ithell,Environmental Tech,aithellqt@toplist.cz
Pixonyx,Oil & Gas Production,1932,Russia,Brigida Pashen,Account Coordinator,bpashenqu@patch.com
Skidoo,Auto Manufacturing,7833,China,Emilie Artist,Senior Editor,eartistqv@msn.com
Photofeed,Major Pharmaceuticals,3398,Liechtenstein,Lacey Kingsnod,Analyst Programmer,lkingsnodqw@last.fm
Dynabox,technology,1853,Ireland,Stoddard Dilnot,Civil Engineer,sdilnotqx@ustream.tv
Kimia,Services-Misc. Amusement & Recreation,3947,United States,Farlie Dikes,Graphic Designer,fdikesqy@loc.gov
Aibox,technology,214,Russia,Ardra Label,GIS Technical Architect,alabelqz@ed.gov
Fivechat,Biotechnology: Biological Products (No Diagnostic Substances),929,Czech Republic,Juieta McHaffy,Engineer II,jmchaffyr0@icio.us
Voonyx,Electric Utilities: Central,1586,Indonesia,Broderic Kedie,Recruiting Manager,bkedier1@fastcompany.com
Ozu,Oil & Gas Production,5008,Ukraine,Denys Boar,Statistician III,dboarr2@timesonline.co.uk
Ozu,Professional Services,8327,Belarus,Yuri Bocking,Editor,ybockingr3@opera.com
Agivu,Publishing,7439,Mexico,Jo Chomicz,Software Test Engineer IV,jchomiczr4@com.com
Jabbersphere,Trucking Freight/Courier Services,2153,Poland,Tamiko Lynnitt,Help Desk Operator,tlynnittr5@oakley.com
Blogtags,Major Banks,9481,Uganda,Winn Lafontaine,Information Systems Manager,wlafontainer6@sciencedirect.com
Flashdog,technology,6529,Philippines,Keefe Tant,GIS Technical Architect,ktantr7@ameblo.jp
Voonix,technology,2011,Brazil,Aggy Udden,Budget/Accounting Analyst III,auddenr8@tuttocitta.it
Divavu,Consumer Electronics/Appliances,9803,China,Carina Guppey,Actuary,cguppeyr9@cargocollective.com
Buzzbean,Semiconductors,9932,Indonesia,Raimundo Ayris,Senior Sales Associate,rayrisra@bravesites.com
Yacero,Major Banks,7020,China,Ricoriki Woolger,Pharmacist,rwoolgerrb@mapquest.com
Dazzlesphere,Power Generation,5590,Poland,Pierette Whitehall,Senior Developer,pwhitehallrc@sitemeter.com
Avamba,Major Pharmaceuticals,1020,Russia,Renee Persent,Environmental Tech,rpersentrd@yahoo.co.jp
Skivee,Major Banks,9931,China,Darnall Tookill,VP Product Management,dtookillre@networksolutions.com
Dablist,technology,6697,South Korea,Esther Sellor,Actuary,esellorrf@wsj.com
Linklinks,technology,2030,China,Selia Cushworth,Business Systems Development Analyst,scushworthrg@homestead.com
Voomm,technology,373,Poland,Mariquilla Speaks,Structural Engineer,mspeaksrh@ihg.com
Lazzy,Multi-Sector Companies,6019,Thailand,Dotti Ravenscroft,Environmental Specialist,dravenscroftri@auda.org.au
Talane,Real Estate Investment Trusts,8233,Indonesia,Winnah Chessil,Staff Accountant II,wchessilrj@yellowbook.com
Wikido,"Computer Software: Programming, Data Processing",756,Brazil,Fonz Peschmann,Sales Associate,fpeschmannrk@macromedia.com
Izio,Major Pharmaceuticals,2450,Indonesia,Marna Totterdill,General Manager,mtotterdillrl@dagondesign.com
Skiptube,Major Banks,7323,Egypt,Joseito McGilleghole,Executive Secretary,jmcgillegholerm@mashable.com
Aimbu,Investment Bankers/Brokers/Service,3980,China,Adolph Staden,Financial Advisor,astadenrn@yandex.ru
Cogibox,Paper,9371,Poland,Jone Whatman,VP Quality Control,jwhatmanro@devhub.com
Cogibox,Specialty Chemicals,6980,France,Vally Persent,Administrative Assistant II,vpersentrp@hostgator.com
Yodoo,Semiconductors,8332,Syria,Joly Swatman,Account Representative II,jswatmanrq@domainmarket.com
Jayo,Marine Transportation,6536,Indonesia,Joby Colwell,Senior Developer,jcolwellrr@studiopress.com
